,course,freq,course_find
1965,홍정모의 따라하며 배우는,100,따라하며 배우는
1077,스프링 데이터 jpa,60,스프링 데이터 jpa
320,nodebird sns 만들기,59,nodebird sns 만들기
925,머신러닝 완벽 가이드,49,머신러닝 완벽 가이드
1738,파이썬 머신러닝 완벽,49,파이썬 머신러닝 완벽
1868,프로그래밍과 자바스크립트 es6,48,프로그래밍과 자바스크립트 es6
904,리액트로 nodebird sns 만들기,48,리액트로 nodebird sns 만들기
1739,파이썬 머신러닝 완벽 가이드,48,파이썬 머신러닝 완벽 가이드
903,리액트로 nodebird sns,48,리액트로 nodebird sns
11,2020년 공부 목표,47,2020년 공부 목표
1917,함수형 프로그래밍과 자바스크립트,47,함수형 프로그래밍과 자바스크립트
1918,함수형 프로그래밍과 자바스크립트 es6,47,함수형 프로그래밍과 자바스크립트 es6
1090,스프링 부트와 jpa,40,스프링 부트와 jpa
710,관심있는 인프런 강의명,39,관심있는 인프런 강의명
1175,실전 스프링 부트와,39,실전 스프링 부트와
1176,실전 스프링 부트와 jpa,39,실전 스프링 부트와 jpa
1007,부트 개념과 활용,36,부트 개념과 활용
1086,스프링 부트 개념과,35,스프링 부트 개념과
339,orm 표준 jpa,34,orm 표준 jpa
340,orm 표준 jpa 프로그래밍,34,orm 표준 jpa 프로그래밍
1087,스프링 부트 개념과 활용,34,스프링 부트 개념과 활용
1818,표준 jpa 프로그래밍,34,표준 jpa 프로그래밍
1303,위한 알고리즘 입문,33,위한 알고리즘 입문
1202,알고리즘 입문 with,33,알고리즘 입문 with
1304,위한 알고리즘 입문 with,33,위한 알고리즘 입문 with
1447,자바 orm 표준 jpa,33,자바 orm 표준 jpa
1446,자바 orm 표준,33,자바 orm 표준
370,rest api 개발,32,rest api 개발
785,남박사의 파이썬 실전,31,남박사의 파이썬 실전
786,남박사의 파이썬 실전 100,31,남박사의 파이썬 실전 100
196,it 취업을 위한,31,it 취업을 위한
1755,파이썬 실전 100 활용,31,파이썬 실전 100 활용
1172,실전 100 활용,31,실전 100 활용
1754,파이썬 실전 100,31,파이썬 실전 100
499,with 창의적 문제해결,30,with 창의적 문제해결
1203,알고리즘 입문 with 창의적,30,알고리즘 입문 with 창의적
197,it 취업을 위한 알고리즘,30,it 취업을 위한 알고리즘
1405,입문 with 창의적 문제해결,30,입문 with 창의적 문제해결
1404,입문 with 창의적,30,입문 with 창의적
749,기반 rest api,30,기반 rest api
1074,스프링 기반 rest api,30,스프링 기반 rest api
750,기반 rest api 개발,30,기반 rest api 개발
1623,취업을 위한 알고리즘,30,취업을 위한 알고리즘
1305,위한 알고리즘 입문 with 창의적,30,위한 알고리즘 입문 with
1624,취업을 위한 알고리즘 입문,30,취업을 위한 알고리즘 입문
1073,스프링 기반 rest,30,스프링 기반 rest
1214,애플리케이션을 테스트하는 다양한,28,애플리케이션을 테스트하는 다양한
1215,애플리케이션을 테스트하는 다양한 방법,27,애플리케이션을 테스트하는 다양한 방법
341,orm 표준 jpa 프로그래밍 기본편,27,orm 표준 jpa 프로그래밍
1464,자바 애플리케이션을 테스트하는,27,자바 애플리케이션을 테스트하는
1465,자바 애플리케이션을 테스트하는 다양한,27,자바 애플리케이션을 테스트하는 다양한
1819,표준 jpa 프로그래밍 기본편,27,표준 jpa 프로그래밍 기본편
1684,테스트하는 다양한 방법,27,테스트하는 다양한 방법
225,jpa 프로그래밍 기본편,27,jpa 프로그래밍 기본편
1466,자바 애플리케이션을 테스트하는 다양한 방법,26,자바 애플리케이션을 테스트하는 다양한
1449,자바 orm 표준 jpa 프로그래밍 기본편,26,자바 orm 표준 jpa
466,vue js 완벽,25,vue js 완벽
467,vue js 완벽 가이드,25,vue js 완벽 가이드
1173,실전 스프링 데이터,25,실전 스프링 데이터
259,js 완벽 가이드,25,js 완벽 가이드
1091,스프링 부트와 jpa 활용1,24,스프링 부트와 jpa 활용1
1010,부트와 jpa 활용1 애플리케이션,24,부트와 jpa 활용1 애플리케이션
1174,실전 스프링 데이터 jpa,24,실전 스프링 데이터 jpa
1009,부트와 jpa 활용1,24,부트와 jpa 활용1
1177,실전 스프링 부트와 jpa 활용1,24,실전 스프링 부트와 jpa
227,jpa 활용1 애플리케이션 개발,24,jpa 활용1 애플리케이션 개발
1984,활용1 애플리케이션 개발,24,활용1 애플리케이션 개발
226,jpa 활용1 애플리케이션,24,jpa 활용1 애플리케이션
1111,스프링 프레임워크 핵심,23,스프링 프레임워크 핵심
1839,프레임워크 핵심 기술,22,프레임워크 핵심 기술
1112,스프링 프레임워크 핵심 기술,22,스프링 프레임워크 핵심 기술
849,따라하며 배우는 c언어,22,따라하며 배우는 c언어
1608,초심자를 위한 리액트,21,초심자를 위한 리액트
1287,위한 리액트 핵심,20,위한 리액트 핵심
1899,하는 리액트 초심자를,20,하는 리액트 초심자를
1900,하는 리액트 초심자를 위한,20,하는 리액트 초심자를 위한
1288,위한 리액트 핵심 강좌,20,위한 리액트 핵심 강좌
1609,초심자를 위한 리액트 핵심,20,초심자를 위한 리액트 핵심
902,리액트 핵심 강좌,20,리액트 핵심 강좌
899,리액트 초심자를 위한 리액트,20,리액트 초심자를 위한 리액트
802,누구든지 하는 리액트 초심자를,20,누구든지 하는 리액트 초심자를
898,리액트 초심자를 위한,20,리액트 초심자를 위한
801,누구든지 하는 리액트,20,누구든지 하는 리액트
1756,파이썬 알고리즘 문제풀이,19,파이썬 알고리즘 문제풀이
1902,하는 리액트 초심자를 위한 리액트 핵심,19,하는 리액트 초심자를 위한
900,리액트 초심자를 위한 리액트 핵심,19,리액트 초심자를 위한 리액트
1853,프로그래밍 시작하기 파이썬 입문,18,프로그래밍 시작하기 파이썬 입문
612,개발 퍼펙트 가이드,18,개발 퍼펙트 가이드
1137,시작하기 파이썬 입문,18,시작하기 파이썬 입문
1852,프로그래밍 시작하기 파이썬,18,프로그래밍 시작하기 파이썬
311,node js 교과서,17,node js 교과서
1707,통해 성장하는 서비스를 만드는,17,통해 성장하는 서비스를 만드는
822,데이터와 실험을 통해,17,데이터와 실험을 통해
1182,실험을 통해 성장하는,17,실험을 통해 성장하는
1706,통해 성장하는 서비스를,17,통해 성장하는 서비스를
823,데이터와 실험을 통해 성장하는,17,데이터와 실험을 통해 성장하는
189,ios12 개발 퍼펙트 가이드,17,ios12 개발 퍼펙트 가이드
1183,실험을 통해 성장하는 서비스를,17,실험을 통해 성장하는 서비스를
188,ios12 개발 퍼펙트,17,ios12 개발 퍼펙트
1051,성장하는 서비스를 만드는 방법,17,성장하는 서비스를 만드는 방법
1050,성장하는 서비스를 만드는,17,성장하는 서비스를 만드는
1048,서비스를 만드는 방법,17,서비스를 만드는 방법
742,그로스해킹 데이터와 실험을 통해,17,그로스해킹 데이터와 실험을 통해
741,그로스해킹 데이터와 실험을,17,그로스해킹 데이터와 실험을
1020,분석 실전 프로젝트,16,분석 실전 프로젝트
37,api 개발과 성능 최적화,16,api 개발과 성능 최적화
1989,활용2 api 개발과 성능,16,활용2 api 개발과 성능
231,jpa 활용2 api 개발과,16,jpa 활용2 api 개발과
1566,조작하는 다양한 방법,16,조작하는 다양한 방법
36,api 개발과 성능,16,api 개발과 성능
1988,활용2 api 개발과,16,활용2 api 개발과
613,개발과 성능 최적화,16,개발과 성능 최적화
1634,코드를 조작하는 다양한,16,코드를 조작하는 다양한
1635,코드를 조작하는 다양한 방법,16,코드를 조작하는 다양한 방법
230,jpa 활용2 api,16,jpa 활용2 api
255,js 시작하기 age,15,js 시작하기 age
1132,시작하기 age of vue,15,시작하기 age of vue
256,js 시작하기 age of,15,js 시작하기 age of
1179,실전 스프링 부트와 jpa 활용2,15,실전 스프링 부트와 jpa
1723,파이썬 데이터시각화 분석,15,파이썬 데이터시각화 분석
1094,스프링 부트와 jpa 활용2,15,스프링 부트와 jpa 활용2
1131,시작하기 age of,15,시작하기 age of
1724,파이썬 데이터시각화 분석 실전,15,파이썬 데이터시각화 분석 실전
463,vue js 시작하기 age,15,vue js 시작하기 age
1013,부트와 jpa 활용2,15,부트와 jpa 활용2
331,of vue js,15,of vue js
462,vue js 시작하기,15,vue js 시작하기
820,데이터시각화 분석 실전,15,데이터시각화 분석 실전
1471,자바 코드를 조작하는 다양한,15,자바 코드를 조작하는 다양한
936,모두를 위한 딥러닝,15,모두를 위한 딥러닝
24,age of vue,15,age of vue
25,age of vue js,15,age of vue js
821,데이터시각화 분석 실전 프로젝트,15,데이터시각화 분석 실전 프로젝트
1470,자바 코드를 조작하는,15,자바 코드를 조작하는
1180,실전 스프링 부트와 jpa 활용2 api,14,실전 스프링 부트와 jpa
1743,파이썬 머신러닝 완벽가이드,14,파이썬 머신러닝 완벽가이드
1095,스프링 부트와 jpa 활용2 api,14,스프링 부트와 jpa 활용2
1014,부트와 jpa 활용2 api,14,부트와 jpa 활용2 api
764,기본부터 프로젝트 실습까지,14,기본부터 프로젝트 실습까지
1668,크롤링을 활용한 다양한 자동화,13,크롤링을 활용한 다양한 자동화
806,다양한 자동화 어플리케이션,13,다양한 자동화 어플리케이션
249,js 교과서 기본부터,13,js 교과서 기본부터
1194,안드로이드 ios 개발을,13,안드로이드 ios 개발을
132,flutter 입문 안드로이드 ios,13,flutter 입문 안드로이드 ios
1991,활용한 다양한 자동화,13,활용한 다양한 자동화
131,flutter 입문 안드로이드,13,flutter 입문 안드로이드
1667,크롤링을 활용한 다양한,13,크롤링을 활용한 다양한
869,레트로의 유니티 게임,13,레트로의 유니티 게임
732,교과서 기본부터 프로젝트,13,교과서 기본부터 프로젝트
1767,파이썬 입문 크롤링을 활용한,13,파이썬 입문 크롤링을 활용한
1766,파이썬 입문 크롤링을,13,파이썬 입문 크롤링을
809,대세는 쿠버네티스 기초편,13,대세는 쿠버네티스 기초편
1423,입문 크롤링을 활용한 다양한,13,입문 크롤링을 활용한 다양한
1477,자바 프로그래밍 입문,13,자바 프로그래밍 입문
1419,입문 안드로이드 ios 개발을,13,입문 안드로이드 ios 개발을
172,ios 개발을 번에,13,ios 개발을 번에
1332,유니티 게임 프로그래밍 에센스,13,유니티 게임 프로그래밍 에센스
1418,입문 안드로이드 ios,13,입문 안드로이드 ios
1331,유니티 게임 프로그래밍,13,유니티 게임 프로그래밍
312,node js 교과서 기본부터,13,node js 교과서 기본부터
870,레트로의 유니티 게임 프로그래밍,13,레트로의 유니티 게임 프로그래밍
250,js 교과서 기본부터 프로젝트,13,js 교과서 기본부터 프로젝트
1195,안드로이드 ios 개발을 번에,13,안드로이드 ios 개발을 번에
1422,입문 크롤링을 활용한,13,입문 크롤링을 활용한
648,게임 프로그래밍 에센스,13,게임 프로그래밍 에센스
733,교과서 기본부터 프로젝트 실습까지,13,교과서 기본부터 프로젝트 실습까지
1992,활용한 다양한 자동화 어플리케이션,13,활용한 다양한 자동화 어플리케이션
1443,자동화 어플리케이션 제작하기,12,자동화 어플리케이션 제작하기
1720,파이썬 데이터 분석,12,파이썬 데이터 분석
1961,홍정모의 게임 만들기,12,게임 만들기
1794,파이썬입문과 크롤링기초 부트캠프,12,파이썬입문과 크롤링기초 부트캠프
807,다양한 자동화 어플리케이션 제작하기,12,다양한 자동화 어플리케이션 제작하기
1670,크롤링을 활용한 다양한 자동화 어플리케이션 제작하기,12,크롤링을 활용한 다양한 자동화
1993,활용한 다양한 자동화 어플리케이션 제작하기,12,활용한 다양한 자동화 어플리케이션
857,따라하며 배우는 홍정모의,12,따라하며 배우는
1200,알고리즘 문제풀이 코딩테스트,11,알고리즘 문제풀이 코딩테스트
918,만들기 연습 문제 패키지,11,만들기 연습 문제 패키지
1484,자바스크립트 es6 응용편,11,자바스크립트 es6 응용편
1201,알고리즘 문제풀이 코딩테스트 대비,11,알고리즘 문제풀이 코딩테스트 대비
115,es6 제대로 알아보기,11,es6 제대로 알아보기
1485,자바스크립트 es6 제대로,11,자바스크립트 es6 제대로
611,개발 제대로 시작하기,11,개발 제대로 시작하기
645,게임 만들기 연습,11,게임 만들기 연습
319,node js로 크롤링하기,11,node js로 크롤링하기
1757,파이썬 알고리즘 문제풀이 코딩테스트,11,파이썬 알고리즘 문제풀이 코딩테스트
1920,함수형 프로그래밍과 자바스크립트 es6 응용편,11,함수형 프로그래밍과 자바스크립트 es6
1152,신입 프로그래머를 위한,11,신입 프로그래머를 위한
1225,연습 문제 패키지,11,연습 문제 패키지
1870,프로그래밍과 자바스크립트 es6 응용편,11,프로그래밍과 자바스크립트 es6 응용편
649,게임을 만들며 배우는,11,게임을 만들며 배우는
646,게임 만들기 연습 문제,11,게임 만들기 연습 문제
682,관심 있는 인프런,11,관심 있는 인프런
491,vue로 nodebird sns,11,vue로 nodebird sns
492,vue로 nodebird sns 만들기,11,vue로 nodebird sns 만들기
1486,자바스크립트 es6 제대로 알아보기,11,자바스크립트 es6 제대로 알아보기
1119,스프링부트 개념과 활용,11,스프링부트 개념과 활용
951,문제풀이 코딩테스트 대비,11,문제풀이 코딩테스트 대비
917,만들기 연습 문제,11,만들기 연습 문제
1854,프로그래밍 시작하기 파이썬 입문 inflearn,10,프로그래밍 시작하기 파이썬 입문
1760,파이썬 입문 inflearn,10,파이썬 입문 inflearn
1761,파이썬 입문 inflearn original,10,파이썬 입문 inflearn original
1438,있는 인프런 강의,10,있는 인프런 강의
1456,자바 스프링 프레임워크,10,자바 스프링 프레임워크
428,ui 개발로 배워보는,10,ui 개발로 배워보는
683,관심 있는 인프런 강의,10,관심 있는 인프런 강의
1143,시작하는 머신러닝 입문,10,시작하는 머신러닝 입문
1138,시작하기 파이썬 입문 inflearn,10,시작하기 파이썬 입문 inflearn
429,ui 개발로 배워보는 순수,10,ui 개발로 배워보는 순수
1721,파이썬 데이터 분석 시작하기,10,파이썬 데이터 분석 시작하기
1363,인스타그램 클론 강의,10,인스타그램 클론 강의
1168,실습 ui 개발로,10,실습 ui 개발로
1169,실습 ui 개발로 배워보는,10,실습 ui 개발로 배워보는
1153,신입 프로그래머를 위한 강좌,10,신입 프로그래머를 위한 강좌
815,데이터 분석 시작하기,10,데이터 분석 시작하기
618,개발로 배워보는 순수,10,개발로 배워보는 순수
660,공공데이터로 파이썬 데이터,10,공공데이터로 파이썬 데이터
661,공공데이터로 파이썬 데이터 분석,10,공공데이터로 파이썬 데이터 분석
1401,입문 inflearn original,10,입문 inflearn original
1844,프로그래머를 위한 강좌,10,프로그래머를 위한 강좌
471,vue js 중급,9,vue js 중급
1496,자바스크립트 vuejs 개발,9,자바스크립트 vuejs 개발
874,리눅스 시스템 프로그래밍,9,리눅스 시스템 프로그래밍
430,ui 개발로 배워보는 순수 자바스크립트,9,ui 개발로 배워보는 순수
472,vue js 중급 강좌,9,vue js 중급 강좌
1171,실습 ui 개발로 배워보는 순수 자바스크립트,9,실습 ui 개발로 배워보는
1190,싶습니다 관심있는 인프런,9,싶습니다 관심있는 인프런
909,만드는 django 인스타그램 클론,9,만드는 django 인스타그램 클론
908,만드는 django 인스타그램,9,만드는 django 인스타그램
986,배워보는 순수 자바스크립트 vuejs,9,배워보는 순수 자바스크립트 vuejs
953,밑바닥 부터 시작하는 머신러닝,9,밑바닥 부터 시작하는 머신러닝
1056,순수 자바스크립트 vuejs,9,순수 자바스크립트 vuejs
1005,부터 시작하는 머신러닝,9,부터 시작하는 머신러닝
1006,부터 시작하는 머신러닝 입문,9,부터 시작하는 머신러닝 입문
985,배워보는 순수 자바스크립트,9,배워보는 순수 자바스크립트
650,게임을 만들며 배우는 자바스크립트,9,게임을 만들며 배우는 자바스크립트
1365,인터랙티브 개발 제대로,9,인터랙티브 개발 제대로
1366,인터랙티브 개발 제대로 시작하기,9,인터랙티브 개발 제대로 시작하기
635,개발자가 되고 싶습니다,9,개발자가 되고 싶습니다
619,개발로 배워보는 순수 자바스크립트,9,개발로 배워보는 순수 자바스크립트
952,밑바닥 부터 시작하는,9,밑바닥 부터 시작하는
1269,웹앱 제작으로 배워보는,9,웹앱 제작으로 배워보는
267,js 중급 강좌,9,js 중급 강좌
921,만들며 배우는 자바스크립트,9,만들며 배우는 자바스크립트
1052,손으로 만드는 django,9,손으로 만드는 django
1053,손으로 만드는 django 인스타그램,9,손으로 만드는 django 인스타그램
99,django 인스타그램 클론 강의,9,django 인스타그램 클론 강의
1057,순수 자바스크립트 vuejs 개발,9,순수 자바스크립트 vuejs 개발
98,django 인스타그램 클론,9,django 인스타그램 클론
885,리액트 native 개발,8,리액트 native 개발
413,tdd 개발 방법론을,8,tdd 개발 방법론을
1561,제주코딩베이스캠프 code festival,8,제주코딩베이스캠프 code festival
955,방법론을 활용한 리액트,8,방법론을 활용한 리액트
956,방법론을 활용한 리액트 native,8,방법론을 활용한 리액트 native
1603,초급부터 전문가까지 한방에,8,초급부터 전문가까지 한방에
21,3dsmax 초급부터 전문가까지 한방에,8,3dsmax 초급부터 전문가까지 한방에
20,3dsmax 초급부터 전문가까지,8,3dsmax 초급부터 전문가까지
402,sql db mysql,8,sql db mysql
403,sql db mysql 기본부터,8,sql db mysql 기본부터
763,기본부터 파이썬 데이터분석 활용까지,8,기본부터 파이썬 데이터분석 활용까지
414,tdd 개발 방법론을 활용한,8,tdd 개발 방법론을 활용한
1555,제작으로 배워보는 vue,8,제작으로 배워보는 vue
473,vue js 중급 강좌 웹앱,8,vue js 중급 강좌
1576,중급 강좌 웹앱,8,중급 강좌 웹앱
1577,중급 강좌 웹앱 제작으로,8,중급 강좌 웹앱 제작으로
434,ver 신입 프로그래머를,8,ver 신입 프로그래머를
435,ver 신입 프로그래머를 위한,8,ver 신입 프로그래머를 위한
981,배워보는 vue js,8,배워보는 vue js
1860,프로그래밍 이론과 실습,8,프로그래밍 이론과 실습
1995,활용한 리액트 native,8,활용한 리액트 native
1996,활용한 리액트 native 개발,8,활용한 리액트 native 개발
1861,프로그래밍 입문 강좌,8,프로그래밍 입문 강좌
1556,제작으로 배워보는 vue js,8,제작으로 배워보는 vue js
1537,전문가까지 한방에 끝내는,8,전문가까지 한방에 끝내는
600,개발 방법론을 활용한,8,개발 방법론을 활용한
583,강좌 웹앱 제작으로 배워보는,8,강좌 웹앱 제작으로 배워보는
762,기본부터 파이썬 데이터분석,8,기본부터 파이썬 데이터분석
84,db mysql 기본부터,8,db mysql 기본부터
1270,웹앱 제작으로 배워보는 vue,8,웹앱 제작으로 배워보는 vue
299,mysql 기본부터 파이썬 데이터분석,8,mysql 기본부터 파이썬 데이터분석
268,js 중급 강좌 웹앱,8,js 중급 강좌 웹앱
601,개발 방법론을 활용한 리액트,8,개발 방법론을 활용한 리액트
298,mysql 기본부터 파이썬,8,mysql 기본부터 파이썬
1604,초급부터 전문가까지 한방에 끝내는,8,초급부터 전문가까지 한방에 끝내는
582,강좌 웹앱 제작으로,8,강좌 웹앱 제작으로
1478,자바 프로그래밍 입문 강좌,8,자바 프로그래밍 입문 강좌
85,db mysql 기본부터 파이썬,8,db mysql 기본부터 파이썬
1722,파이썬 데이터분석 활용까지,8,파이썬 데이터분석 활용까지
977,배우는 홍정모의 따라하며 배우는,7,배우는 따라하며 배우는
840,딥러닝 기본적인 머신러닝과 딥러닝,7,딥러닝 기본적인 머신러닝과 딥러닝
1750,파이썬 사용자를 위한,7,파이썬 사용자를 위한
976,배우는 홍정모의 따라하며,7,배우는 따라하며
774,끝내는 3dsmax 강좌,7,끝내는 3dsmax 강좌
475,vue router 프론트엔드,7,vue router 프론트엔드
584,강좌 웹앱 제작으로 배워보는 vue,7,강좌 웹앱 제작으로 배워보는
982,배워보는 vue js es6,7,배워보는 vue js es6
1751,파이썬 사용자를 위한 웹개발,7,파이썬 사용자를 위한 웹개발
1728,파이썬 딥러닝 영상처리 프로젝트,7,파이썬 딥러닝 영상처리 프로젝트
880,리버싱 분석 초급과정,7,리버싱 분석 초급과정
842,딥러닝 영상처리 프로젝트,7,딥러닝 영상처리 프로젝트
1042,사용자를 위한 웹개발 입문,7,사용자를 위한 웹개발 입문
480,vuejs vuex vue,7,vuejs vuex vue
476,vue router 프론트엔드 실전,7,vue router 프론트엔드 실전
962,배우는 vuejs vuex vue,7,배우는 vuejs vuex vue
615,개발로 배우는 vuejs vuex,7,개발로 배우는 vuejs vuex
488,vuex vue router 프론트엔드,7,vuex vue router 프론트엔드
487,vuex vue router,7,vuex vue router
614,개발로 배우는 vuejs,7,개발로 배우는 vuejs
1069,스프링 mvc 스프링,7,스프링 mvc 스프링
1727,파이썬 딥러닝 영상처리,7,파이썬 딥러닝 영상처리
862,따라하며 배우는 홍정모의 따라하며 배우는,7,따라하며 배우는 따라하며 배우는
940,모두를 위한 딥러닝 기본적인,7,모두를 위한 딥러닝 기본적인
1710,트렐로 개발로 배우는 vuejs,7,트렐로 개발로 배우는 vuejs
1709,트렐로 개발로 배우는,7,트렐로 개발로 배우는
861,따라하며 배우는 홍정모의 따라하며,7,따라하며 배우는 따라하며
1041,사용자를 위한 웹개발,7,사용자를 위한 웹개발
481,vuejs vuex vue router,7,vuejs vuex vue router
765,기본적인 머신러닝과 딥러닝,7,기본적인 머신러닝과 딥러닝
839,딥러닝 기본적인 머신러닝과,7,딥러닝 기본적인 머신러닝과
961,배우는 vuejs vuex,7,배우는 vuejs vuex
843,딥러닝 영상처리 프로젝트 손흥민을,7,딥러닝 영상처리 프로젝트 손흥민을
371,rest api 개발 스프링,7,rest api 개발 스프링
1557,제작으로 배워보는 vue js es6,7,제작으로 배워보는 vue js
1284,위한 딥러닝 기본적인 머신러닝과,7,위한 딥러닝 기본적인 머신러닝과
1605,초급부터 전문가까지 한방에 끝내는 3dsmax,7,초급부터 전문가까지 한방에 끝내는
335,opencv 파이썬 딥러닝,7,opencv 파이썬 딥러닝
336,opencv 파이썬 딥러닝 영상처리,7,opencv 파이썬 딥러닝 영상처리
1507,자바스크립트 중고급 자바스크립트의,7,자바스크립트 중고급 자바스크립트의
1584,진짜 입문자를 위한,7,진짜 입문자를 위한
377,router 프론트엔드 실전 기술,7,router 프론트엔드 실전 기술
1585,진짜 입문자를 위한 클라우드와,7,진짜 입문자를 위한 클라우드와
240,js vue js,7,js vue js
376,router 프론트엔드 실전,7,router 프론트엔드 실전
1217,야곰의 ios 프로그래밍,7,야곰의 ios 프로그래밍
1283,위한 딥러닝 기본적인,7,위한 딥러닝 기본적인
1191,싶습니다 관심있는 인프런 강의명,7,싶습니다 관심있는 인프런 강의명
23,3dsmax 초급부터 전문가까지 한방에 끝내는 3dsmax,7,3dsmax 초급부터 전문가까지 한방에
236,js es6 vuex,7,js es6 vuex
1314,위한 파이썬 입문,7,위한 파이썬 입문
1313,위한 클라우드와 aws,7,위한 클라우드와 aws
1308,위한 웹개발 입문 to,7,위한 웹개발 입문 to
1307,위한 웹개발 입문,7,위한 웹개발 입문
1913,한방에 끝내는 3dsmax 강좌,7,한방에 끝내는 3dsmax 강좌
1912,한방에 끝내는 3dsmax,7,한방에 끝내는 3dsmax
1272,웹앱 제작으로 배워보는 vue js es6,7,웹앱 제작으로 배워보는 vue
1579,중급 강좌 웹앱 제작으로 배워보는 vue,7,중급 강좌 웹앱 제작으로
32,api 개발 스프링,7,api 개발 스프링
1256,웹개발 입문 to,7,웹개발 입문 to
1538,전문가까지 한방에 끝내는 3dsmax,7,전문가까지 한방에 끝내는 3dsmax
1431,입문자를 위한 클라우드와,7,입문자를 위한 클라우드와
1432,입문자를 위한 클라우드와 aws,7,입문자를 위한 클라우드와 aws
1880,프로젝트 손흥민을 찾아라,7,프로젝트 손흥민을 찾아라
444,vue js es6 vuex,7,vue js es6 vuex
443,vue js es6,7,vue js es6
1230,영상처리 프로젝트 손흥민을 찾아라,7,영상처리 프로젝트 손흥민을 찾아라
1229,영상처리 프로젝트 손흥민을,7,영상처리 프로젝트 손흥민을
1403,입문 to django bootstrap,7,입문 to django bootstrap
1887,프론트엔드 실전 기술,7,프론트엔드 실전 기술
420,to django bootstrap,7,to django bootstrap
1257,웹개발 입문 to django,7,웹개발 입문 to django
1402,입문 to django,7,입문 to django
591,개념과 활용 스프링,6,개념과 활용 스프링
1488,자바스크립트 es6 제대로 알아보기 초급,6,자바스크립트 es6 제대로 알아보기
1018,부트캠프 쉽게 하지만 견고한,6,부트캠프 쉽게 하지만 견고한
1027,분석과 차트 시각화,6,분석과 차트 시각화
1875,프로그래밍을 위한 알고리즘 강좌,6,프로그래밍을 위한 알고리즘 강좌
1259,웹게임을 만들며 배우는,6,웹게임을 만들며 배우는
1876,프로들만의 차별화된 엑셀,6,프로들만의 차별화된 엑셀
819,데이터 분석과 차트 시각화,6,데이터 분석과 차트 시각화
1877,프로들만의 차별화된 엑셀 데이터,6,프로들만의 차별화된 엑셀 데이터
818,데이터 분석과 차트,6,데이터 분석과 차트
1607,초보부터 개발자 취업까지,6,초보부터 개발자 취업까지
28,android pie app,6,android pie app
29,android pie app 개발,6,android pie app 개발
1017,부트캠프 쉽게 하지만,6,부트캠프 쉽게 하지만
449,vue js vue js,6,vue js vue js
1286,위한 딥러닝 기본적인 머신러닝과 딥러닝 강좌,6,위한 딥러닝 기본적인 머신러닝과
1302,위한 알고리즘 강좌,6,위한 알고리즘 강좌
766,기본적인 머신러닝과 딥러닝 강좌,6,기본적인 머신러닝과 딥러닝 강좌
1540,정말 쉽게 풀어보는,6,정말 쉽게 풀어보는
751,기반 rest api 개발 스프링,6,기반 rest api 개발
1522,자바스크립트의 근본적인 핵심 이해하기,6,자바스크립트의 근본적인 핵심 이해하기
745,근본적인 핵심 이해하기,6,근본적인 핵심 이해하기
1521,자바스크립트의 근본적인 핵심,6,자바스크립트의 근본적인 핵심
117,es6 제대로 알아보기 초급,6,es6 제대로 알아보기 초급
1653,코틀린 기반 안드로이드,6,코틀린 기반 안드로이드
929,머신러닝과 딥러닝 강좌,6,머신러닝과 딥러닝 강좌
1406,입문 강좌 renew,6,입문 강좌 renew
1457,자바 스프링 프레임워크 renew,6,자바 스프링 프레임워크 renew
1660,크롤링기초 부트캠프 쉽게,6,크롤링기초 부트캠프 쉽게
1661,크롤링기초 부트캠프 쉽게 하지만,6,크롤링기초 부트캠프 쉽게 하지만
1550,제대로 알아보기 초급,6,제대로 알아보기 초급
1572,중고급 자바스크립트의 근본적인,6,중고급 자바스크립트의 근본적인
1573,중고급 자바스크립트의 근본적인 핵심,6,중고급 자바스크립트의 근본적인 핵심
875,리눅스 시스템 프로그래밍 이론과,6,리눅스 시스템 프로그래밍 이론과
675,과학을 위한 파이썬 입문,6,과학을 위한 파이썬 입문
674,과학을 위한 파이썬,6,과학을 위한 파이썬
1508,자바스크립트 중고급 자바스크립트의 근본적인,6,자바스크립트 중고급 자바스크립트의 근본적인
1479,자바 프로그래밍 입문 강좌 renew,6,자바 프로그래밍 입문 강좌
810,데이터 jpa 스프링,6,데이터 jpa 스프링
1587,차별화된 엑셀 데이터,6,차별화된 엑셀 데이터
1588,차별화된 엑셀 데이터 분석과,6,차별화된 엑셀 데이터 분석과
812,데이터 과학을 위한,6,데이터 과학을 위한
813,데이터 과학을 위한 파이썬,6,데이터 과학을 위한 파이썬
1911,하지만 견고한 자료로,6,하지만 견고한 자료로
26,age of vue js vue,6,age of vue js
772,기술로 앱을 만들자,6,기술로 앱을 만들자
1862,프로그래밍 입문 강좌 renew,6,프로그래밍 입문 강좌 renew
841,딥러닝 기본적인 머신러닝과 딥러닝 강좌,6,딥러닝 기본적인 머신러닝과 딥러닝
1134,시작하기 age of vue js vue,6,시작하기 age of vue
348,pwa 시작하기 기술로 앱을,6,pwa 시작하기 기술로 앱을
1127,시스템 프로그래밍 이론과 실습,6,시스템 프로그래밍 이론과 실습
1795,파이썬입문과 크롤링기초 부트캠프 쉽게,6,파이썬입문과 크롤링기초 부트캠프 쉽게
1849,프로그래밍 데이터 과학을 위한,6,프로그래밍 데이터 과학을 위한
1848,프로그래밍 데이터 과학을,6,프로그래밍 데이터 과학을
332,of vue js vue,6,of vue js vue
344,pie app 개발,6,pie app 개발
347,pwa 시작하기 기술로,6,pwa 시작하기 기술로
359,renew ver 신입,6,renew ver 신입
1136,시작하기 기술로 앱을 만들자,6,시작하기 기술로 앱을 만들자
1221,엑셀 데이터 분석과,6,엑셀 데이터 분석과
1078,스프링 데이터 jpa 스프링,6,스프링 데이터 jpa 스프링
360,renew ver 신입 프로그래머를,6,renew ver 신입 프로그래머를
1222,엑셀 데이터 분석과 차트,6,엑셀 데이터 분석과 차트
1126,시스템 프로그래밍 이론과,6,시스템 프로그래밍 이론과
1076,스프링 기반 rest api 개발 스프링,6,스프링 기반 rest api
1226,영리한 프로그래밍을 위한,6,영리한 프로그래밍을 위한
1227,영리한 프로그래밍을 위한 알고리즘,6,영리한 프로그래밍을 위한 알고리즘
1135,시작하기 기술로 앱을,6,시작하기 기술로 앱을
1231,예민한 ux 디자인,6,예민한 ux 디자인
1874,프로그래밍을 위한 알고리즘,6,프로그래밍을 위한 알고리즘
1064,쉽게 하지만 견고한 자료로,6,쉽게 하지만 견고한 자료로
1063,쉽게 하지만 견고한,6,쉽게 하지만 견고한
1102,스프링 프레임워크 renew,6,스프링 프레임워크 renew
422,top 기본 문제,6,top 기본 문제
448,vue js vue,6,vue js vue
708,관심있는 인프런 강의,5,관심있는 인프런 강의
1059,쉽게 풀어보는 코딩,5,쉽게 풀어보는 코딩
1559,제주 코딩 베이스캠프,5,제주 코딩 베이스캠프
411,swift5 완벽 가이드,5,swift5 완벽 가이드
129,festival 파이썬 100제,5,festival 파이썬 100제
1564,제주코딩베이스캠프 code festival 파이썬,5,제주코딩베이스캠프 code festival 파이썬
1560,제주 코딩 베이스캠프 django,5,제주 코딩 베이스캠프 django
788,남박사의 파이썬으로 실전,5,남박사의 파이썬으로 실전
1827,풀어보는 코딩 테스트,5,풀어보는 코딩 테스트
1828,풀어보는 코딩 테스트 top,5,풀어보는 코딩 테스트 top
699,관심있는 강의 파이썬,5,관심있는 강의 파이썬
1362,인공지능의 공용어 완전정복,5,인공지능의 공용어 완전정복
417,tdd 만드는 nodejs,5,tdd 만드는 nodejs
1676,테스트 top 기본,5,테스트 top 기본
1677,테스트 top 기본 문제,5,테스트 top 기본 문제
789,남박사의 파이썬으로 실전 웹사이트,5,남박사의 파이썬으로 실전 웹사이트
66,code festival 파이썬 100제,5,code festival 파이썬 100제
972,배우는 홍정모의 게임,5,배우는 게임
973,배우는 홍정모의 게임 만들기,5,배우는 게임 만들기
974,배우는 홍정모의 게임 만들기 연습,5,배우는 게임 만들기 연습
1680,테스트주도개발 tdd 만드는,5,테스트주도개발 tdd 만드는
1681,테스트주도개발 tdd 만드는 nodejs,5,테스트주도개발 tdd 만드는 nodejs
1458,자바 스프링 프레임워크 renew ver,5,자바 스프링 프레임워크 renew
1649,코알못에서 웹서비스 런칭까지,5,코알못에서 웹서비스 런칭까지
418,tdd 만드는 nodejs api,5,tdd 만드는 nodejs api
1807,패턴 with 자바,5,패턴 with 자바
911,만드는 nodejs api,5,만드는 nodejs api
912,만드는 nodejs api 서버,5,만드는 nodejs api 서버
97,django 연동 프로그래밍,5,django 연동 프로그래밍
102,do it 자바,5,do it 자바
103,do it 자바 프로그래밍,5,do it 자바 프로그래밍
105,docker hands on,5,docker hands on
453,vue js 관련,5,vue js 관련
919,만들며 배우는 typescript,5,만들며 배우는 typescript
1810,퍼블리셔 취업을 위해 제대로,5,퍼블리셔 취업을 위해 제대로
91,devops의 이해 docker,5,devops의 이해 docker
754,기반 안드로이드 앱개발,5,기반 안드로이드 앱개발
1809,퍼블리셔 취업을 위해,5,퍼블리셔 취업을 위해
1541,정말 쉽게 풀어보는 코딩,5,정말 쉽게 풀어보는 코딩
1951,핵심 기술 스프링,5,핵심 기술 스프링
1436,있는 안드로이드 개발,5,있는 안드로이드 개발
441,vue js django 연동,5,vue js django 연동
1808,패턴 with 자바 gof,5,패턴 with 자바 gof
470,vue js 완벽가이드,5,vue js 완벽가이드
1357,이해 docker hands on,5,이해 docker hands on
1650,코알못에서 웹서비스 런칭까지 제주,5,코알못에서 웹서비스 런칭까지 제주
440,vue js django,5,vue js django
1654,코틀린 기반 안드로이드 앱개발,5,코틀린 기반 안드로이드 앱개발
71,css 그리고 웹표준,5,css 그리고 웹표준
878,리버스쿨 level1 리버싱 분석,5,리버스쿨 level1 리버싱 분석
65,code festival 파이썬,5,code festival 파이썬
1356,이해 docker hands,5,이해 docker hands
92,devops의 이해 docker hands,5,devops의 이해 docker hands
1780,파이썬으로 실전 웹사이트 만들기,5,파이썬으로 실전 웹사이트 만들기
1779,파이썬으로 실전 웹사이트,5,파이썬으로 실전 웹사이트
631,개발을 위한 swift5 완벽,5,개발을 위한 swift5 완벽
630,개발을 위한 swift5,5,개발을 위한 swift5
858,따라하며 배우는 홍정모의 게임,5,따라하며 배우는 게임
234,js django 연동,5,js django 연동
1638,코딩 베이스캠프 django,5,코딩 베이스캠프 django
831,디자인 패턴 with 자바,5,디자인 패턴 with 자바
235,js django 연동 프로그래밍,5,js django 연동 프로그래밍
830,디자인 패턴 with,5,디자인 패턴 with
241,js vue js 중급,5,js vue js 중급
1278,위한 swift5 완벽 가이드,5,위한 swift5 완벽 가이드
867,런칭까지 제주 코딩 베이스캠프,5,런칭까지 제주 코딩 베이스캠프
1103,스프링 프레임워크 renew ver,5,스프링 프레임워크 renew ver
866,런칭까지 제주 코딩,5,런칭까지 제주 코딩
1639,코딩 테스트 top,5,코딩 테스트 top
1640,코딩 테스트 top 기본,5,코딩 테스트 top 기본
334,of vue js vue js 중급,5,of vue js vue
326,nodejs api 서버,5,nodejs api 서버
1264,웹서비스 런칭까지 제주 코딩,5,웹서비스 런칭까지 제주 코딩
1263,웹서비스 런칭까지 제주,5,웹서비스 런칭까지 제주
1865,프로그래밍 핵심 기초,5,프로그래밍 핵심 기초
281,level1 리버싱 분석,5,level1 리버싱 분석
282,level1 리버싱 분석 초급과정,5,level1 리버싱 분석 초급과정
859,따라하며 배우는 홍정모의 게임 만들기,5,따라하며 배우는 게임 만들기
1060,쉽게 풀어보는 코딩 테스트,5,쉽게 풀어보는 코딩 테스트
877,리버스쿨 level1 리버싱,5,리버스쿨 level1 리버싱
1277,위한 swift5 완벽,5,위한 swift5 완벽
450,vue js vue js 중급,5,vue js vue js
1627,취업을 위해 제대로,5,취업을 위해 제대로
1976,홍정모의 따라하면서 배우는,5,따라하면서 배우는
1058,쉽게 배우는 webpack,5,쉽게 배우는 webpack
498,with 자바 gof,5,with 자바 gof
1628,취업을 위해 제대로 배워보는,5,취업을 위해 제대로 배워보는
800,누구나 있는 안드로이드 개발,5,누구나 있는 안드로이드 개발
799,누구나 있는 안드로이드,5,누구나 있는 안드로이드
1840,프레임워크 핵심 기술 스프링,5,프레임워크 핵심 기술 스프링
1113,스프링 프레임워크 핵심 기술 스프링,5,스프링 프레임워크 핵심 기술
1327,유니티 게임 개발,5,유니티 게임 개발
378,r로 하는 크롤링,5,r로 하는 크롤링
1632,케라스 인공지능의 공용어,5,케라스 인공지능의 공용어
1315,위해 제대로 배워보는,5,위해 제대로 배워보는
194,it 자바 프로그래밍,5,it 자바 프로그래밍
1181,실전 웹사이트 만들기,5,실전 웹사이트 만들기
195,it 자바 프로그래밍 입문,5,it 자바 프로그래밍 입문
1831,프레임워크 renew ver,5,프레임워크 renew ver
1633,케라스 인공지능의 공용어 완전정복,5,케라스 인공지능의 공용어 완전정복
907,마라톤 기록예측 프로젝트,4,마라톤 기록예측 프로젝트
1504,자바스크립트 자바스크립트 개발을 위한,4,자바스크립트 자바스크립트 개발을 위한
884,리액트 js로 서비스 만들기,4,리액트 js로 서비스 만들기
1491,자바스크립트 es6 함수형 프로그래밍과,4,자바스크립트 es6 함수형 프로그래밍과
1480,자바 프로그래밍 입문 강좌 renew ver,4,자바 프로그래밍 입문 강좌
1482,자바기반 android pie,4,자바기반 android pie
854,따라하며 배우는 노드 리액트,4,따라하며 배우는 노드 리액트
1487,자바스크립트 es6 제대로 알아보기 중급,4,자바스크립트 es6 제대로 알아보기
853,따라하며 배우는 노드,4,따라하며 배우는 노드
1459,자바 스프링 프레임워크 renew ver 신입,4,자바 스프링 프레임워크 renew
883,리액트 js로 서비스,4,리액트 js로 서비스
1497,자바스크립트 개발을 위한,4,자바스크립트 개발을 위한
1490,자바스크립트 es6 함수형,4,자바스크립트 es6 함수형
1503,자바스크립트 자바스크립트 개발을,4,자바스크립트 자바스크립트 개발을
1008,부트 개념과 활용 스프링,4,부트 개념과 활용 스프링
1428,입문에서 실무까지 devops의 이해,4,입문에서 실무까지 devops의 이해
1427,입문에서 실무까지 devops의,4,입문에서 실무까지 devops의
1004,부동산 dapp 만들기 기본편,4,부동산 dapp 만들기 기본편
1316,위해 제대로 배워보는 html과,4,위해 제대로 배워보는 html과
1012,부트와 jpa 활용1 애플리케이션 개발 실전,4,부트와 jpa 활용1 애플리케이션
1032,블록체인 어플리케이션 만들기,4,블록체인 어플리케이션 만들기
1033,블록체인 이더리움 부동산,4,블록체인 이더리움 부동산
1034,블록체인 이더리움 부동산 dapp,4,블록체인 이더리움 부동산 dapp
1037,빠르게 끝내는 go언어,4,빠르게 끝내는 go언어
1038,빠르게 끝내는 go언어 프로그래밍,4,빠르게 끝내는 go언어 프로그래밍
1260,웹게임을 만들며 배우는 typescript,4,웹게임을 만들며 배우는 typescript
1246,완전정복 마라톤 기록예측 프로젝트,4,완전정복 마라톤 기록예측 프로젝트
1245,완전정복 마라톤 기록예측,4,완전정복 마라톤 기록예측
1235,완벽 가이드 실무 프로젝트를,4,완벽 가이드 실무 프로젝트를
1234,완벽 가이드 실무,4,완벽 가이드 실무
1232,예제로 배우는 스프링,4,예제로 배우는 스프링
1065,쉽고 빠르게 끝내는,4,쉽고 빠르게 끝내는
1219,언어 기본 자바스크립트,4,언어 기본 자바스크립트
1088,스프링 부트 개념과 활용 스프링,4,스프링 부트 개념과 활용
1207,애플리케이션 개발 실전,4,애플리케이션 개발 실전
1099,스프링 시큐리티 스프링,4,스프링 시큐리티 스프링
1104,스프링 프레임워크 renew ver 신입,4,스프링 프레임워크 renew ver
1116,스프링 프레임워크 핵심기술,4,스프링 프레임워크 핵심기술
1629,취업을 위해 제대로 배워보는 html과,4,취업을 위해 제대로 배워보는
1164,실무까지 devops의 이해 docker,4,실무까지 devops의 이해 docker
1163,실무까지 devops의 이해,4,실무까지 devops의 이해
1161,실무 프로젝트를 위한,4,실무 프로젝트를 위한
1003,부동산 dapp 만들기,4,부동산 dapp 만들기
1001,벡터 미적분학 시리즈,4,벡터 미적분학 시리즈
995,백기선님의 스프링 로드맵,4,백기선님의 스프링 로드맵
1549,제대로 알아보기 중급,4,제대로 알아보기 중급
922,만들어보며 배우는 언리얼,4,만들어보며 배우는 언리얼
923,만들어보며 배우는 언리얼 게임,4,만들어보며 배우는 언리얼 게임
1544,정보보안 개인정보보호 특강,4,정보보안 개인정보보호 특강
926,머신러닝 완전정복 마라톤,4,머신러닝 완전정복 마라톤
927,머신러닝 완전정복 마라톤 기록예측,4,머신러닝 완전정복 마라톤 기록예측
1545,제대로 배워보는 html과,4,제대로 배워보는 html과
1407,입문 강좌 renew ver,4,입문 강좌 renew ver
932,모던 자바스크립트 자바스크립트,4,모던 자바스크립트 자바스크립트
933,모던 자바스크립트 자바스크립트 개발을,4,모던 자바스크립트 자바스크립트 개발을
949,문제 with 자바,4,문제 with 자바
1546,제대로 배워보는 html과 css,4,제대로 배워보는 html과 css
965,배우는 노드 리액트,4,배우는 노드 리액트
989,배틀로얄 게임을 만들어보며 배우는,4,배틀로얄 게임을 만들어보며 배우는
966,배우는 노드 리액트 시리즈,4,배우는 노드 리액트 시리즈
970,배우는 언리얼 게임,4,배우는 언리얼 게임
1575,중급 http통신 상태관리,4,중급 http통신 상태관리
1350,이용한 어플리케이션 개발하기,4,이용한 어플리케이션 개발하기
978,배워보는 html과 css,4,배워보는 html과 css
979,배워보는 html과 css 그리고,4,배워보는 html과 css 그리고
1348,이용한 it 해킹과 보안,4,이용한 it 해킹과 보안
1347,이용한 it 해킹과,4,이용한 it 해킹과
1343,이더리움 부동산 dapp 만들기,4,이더리움 부동산 dapp 만들기
1342,이더리움 부동산 dapp,4,이더리움 부동산 dapp
988,배틀로얄 게임을 만들어보며,4,배틀로얄 게임을 만들어보며
994,백기선님의 스프링 강의,4,백기선님의 스프링 강의
1502,자바스크립트 언어 기본 자바스크립트,4,자바스크립트 언어 기본 자바스크립트
438,ver 초보부터 개발자 취업까지,4,ver 초보부터 개발자 취업까지
363,renew ver 초보부터,4,renew ver 초보부터
101,do it 안드로이드 프로그래밍,4,do it 안드로이드 프로그래밍
757,기본 문제 with,4,기본 문제 with
100,do it 안드로이드,4,do it 안드로이드
758,기본 문제 with 자바,4,기본 문제 with 자바
1956,핵심 기초 입문,4,핵심 기초 입문
177,ios 개발을 위한 swift5,4,ios 개발을 위한 swift5
672,공부를 하고 싶습니다,4,공부를 하고 싶습니다
1957,핵심 기초 입문 과정,4,핵심 기초 입문 과정
1921,함수형 프로그래밍과 자바스크립트 es6 함수형,4,함수형 프로그래밍과 자바스크립트 es6
83,dapp 만들기 기본편,4,dapp 만들기 기본편
1501,자바스크립트 언어 기본,4,자바스크립트 언어 기본
773,기초 입문 과정,4,기초 입문 과정
374,rest api 개발 스프링 시큐리티,4,rest api 개발 스프링
775,끝내는 go언어 프로그래밍,4,끝내는 go언어 프로그래밍
776,끝내는 go언어 프로그래밍 핵심,4,끝내는 go언어 프로그래밍 핵심
364,renew ver 초보부터 개발자,4,renew ver 초보부터 개발자
176,ios 개발을 위한,4,ios 개발을 위한
510,가이드 실무 프로젝트를 위한,4,가이드 실무 프로젝트를 위한
116,es6 제대로 알아보기 중급,4,es6 제대로 알아보기 중급
569,강좌 renew ver,4,강좌 renew ver
151,html과 css 그리고,4,html과 css 그리고
570,강좌 renew ver 초보부터,4,강좌 renew ver 초보부터
144,go언어 프로그래밍 핵심 기초,4,go언어 프로그래밍 핵심 기초
143,go언어 프로그래밍 핵심,4,go언어 프로그래밍 핵심
1866,프로그래밍 핵심 기초 입문,4,프로그래밍 핵심 기초 입문
1863,프로그래밍 입문 강좌 renew ver,4,프로그래밍 입문 강좌 renew
1744,파이썬 머신러닝 완전정복,4,파이썬 머신러닝 완전정복
1745,파이썬 머신러닝 완전정복 마라톤,4,파이썬 머신러닝 완전정복 마라톤
1871,프로그래밍과 자바스크립트 es6 함수형,4,프로그래밍과 자바스크립트 es6 함수형
136,flutter 중급 http통신 상태관리,4,flutter 중급 http통신 상태관리
135,flutter 중급 http통신,4,flutter 중급 http통신
128,festival 자바스크립트 100제,4,festival 자바스크립트 100제
121,es6 함수형 프로그래밍과 자바스크립트,4,es6 함수형 프로그래밍과 자바스크립트
120,es6 함수형 프로그래밍과,4,es6 함수형 프로그래밍과
1785,파이썬을 이용한 it 해킹과,4,파이썬을 이용한 it 해킹과
1784,파이썬을 이용한 it,4,파이썬을 이용한 it
509,가이드 실무 프로젝트를,4,가이드 실무 프로젝트를
1978,화이트해커가 되기 위한,4,화이트해커가 되기 위한
228,jpa 활용1 애플리케이션 개발 실전,4,jpa 활용1 애플리케이션 개발
18,2020년 공부 목표는,4,2020년 공부 목표는
35,api 개발 스프링 시큐리티,4,api 개발 스프링 시큐리티
1812,퍼블리셔 취업을 위해 제대로 배워보는 html과,4,퍼블리셔 취업을 위해 제대로
651,게임을 만들어보며 배우는,4,게임을 만들어보며 배우는
437,ver 초보부터 개발자,4,ver 초보부터 개발자
652,게임을 만들어보며 배우는 언리얼,4,게임을 만들어보며 배우는 언리얼
275,js로 서비스 만들기,4,js로 서비스 만들기
816,데이터 분석과 시각화,4,데이터 분석과 시각화
423,top 기본 문제 with,4,top 기본 문제 with
1985,활용1 애플리케이션 개발 실전,4,활용1 애플리케이션 개발 실전
1696,텐서플로2 파이썬 머신러닝 완전정복,4,텐서플로2 파이썬 머신러닝 완전정복
805,다양한 방법 스프링,4,다양한 방법 스프링
795,노드 리액트 시리즈,4,노드 리액트 시리즈
152,html과 css 그리고 웹표준,4,html과 css 그리고 웹표준
193,it 안드로이드 프로그래밍,4,it 안드로이드 프로그래밍
200,it 해킹과 보안,4,it 해킹과 보안
1832,프레임워크 renew ver 신입,4,프레임워크 renew ver 신입
63,code festival 자바스크립트,4,code festival 자바스크립트
64,code festival 자바스크립트 100제,4,code festival 자바스크립트 100제
606,개발 스프링 시큐리티,4,개발 스프링 시큐리티
1695,텐서플로2 파이썬 머신러닝,4,텐서플로2 파이썬 머신러닝
301,native로 웹앱 모바일,3,native로 웹앱 모바일
304,net core 웹개발,3,net core 웹개발
302,native로 웹앱 모바일 프로젝트,3,native로 웹앱 모바일 프로젝트
1253,우아한형제들 백엔드 개발자 취업,3,우아한형제들 백엔드 개발자 취업
1251,요즘 누가 유료로,3,요즘 누가 유료로
293,mvc 스프링 기반 rest,3,mvc 스프링 기반 rest
1268,웹앱 모바일 프로젝트 만들기,3,웹앱 모바일 프로젝트 만들기
1247,왕초보 블록체인 개념,3,왕초보 블록체인 개념
1273,위한 es6 강좌,3,위한 es6 강좌
1241,완전정복 gan bert,3,완전정복 gan bert
253,js 끝장내기 실무에 필요한,3,js 끝장내기 실무에 필요한
1248,왕초보 블록체인 개념 완벽,3,왕초보 블록체인 개념 완벽
276,klaytn 클레이튼 블록체인,3,klaytn 클레이튼 블록체인
1267,웹앱 모바일 프로젝트,3,웹앱 모바일 프로젝트
1252,우아한형제들 백엔드 개발자,3,우아한형제들 백엔드 개발자
1233,예제로 배우는 스프링 입문,3,예제로 배우는 스프링 입문
277,klaytn 클레이튼 블록체인 어플리케이션,3,klaytn 클레이튼 블록체인 어플리케이션
292,mvc 스프링 기반,3,mvc 스프링 기반
291,mvc spring 핵심강의,3,mvc spring 핵심강의
1237,완벽 가이드 실무 프로젝트를 위한 실전강의,3,완벽 가이드 실무 프로젝트를
1242,완전정복 gan bert rnn,3,완전정복 gan bert rnn
1240,완전 정복 로드맵,3,완전 정복 로드맵
1239,완벽 이해하기 with 자바,3,완벽 이해하기 with 자바
1885,프로젝트를 위한 실전강의,3,프로젝트를 위한 실전강의
1255,웹개발 기본 강좌,3,웹개발 기본 강좌
1238,완벽 이해하기 with,3,완벽 이해하기 with
1211,애플리케이션 취약점 분석,3,애플리케이션 취약점 분석
305,net core 웹개발 기본,3,net core 웹개발 기본
1162,실무 프로젝트를 위한 실전강의,3,실무 프로젝트를 위한 실전강의
1841,프레임워크 핵심 기술 스프링 부트,3,프레임워크 핵심 기술 스프링
395,spring data jpa,3,spring data jpa
396,spring framework 커리큘럼,3,spring framework 커리큘럼
845,딥러닝 완전정복 gan,3,딥러닝 완전정복 gan
398,spring mvc spring 핵심강의,3,spring mvc spring 핵심강의
400,spring 완전 정복,3,spring 완전 정복
401,spring 완전 정복 로드맵,3,spring 완전 정복 로드맵
1167,실무에 필요한 모든,3,실무에 필요한 모든
1815,포렌식 digital forensic 전문가,3,포렌식 digital forensic 전문가
1224,여러가지 예제 실습,3,여러가지 예제 실습
432,unity 2d 시작부터,3,unity 2d 시작부터
1614,취미로 해킹 시리즈,3,취미로 해킹 시리즈
433,unity 2d 시작부터 배포까지,3,unity 2d 시작부터 배포까지
1615,취미로 해킹 해커의,3,취미로 해킹 해커의
1616,취미로 해킹 해커의 컴퓨팅,3,취미로 해킹 해커의 컴퓨팅
1617,취약점 분석 입문부터,3,취약점 분석 입문부터
1618,취약점 분석 입문부터 활용까지,3,취약점 분석 입문부터 활용까지
1619,취업을 위한 신입,3,취업을 위한 신입
1186,싶습니다 관심 있는,3,싶습니다 관심 있는
1187,싶습니다 관심 있는 인프런,3,싶습니다 관심 있는 인프런
1189,싶습니다 관심있는 강의,3,싶습니다 관심있는 강의
375,rnn cnn 최신기법,3,rnn cnn 최신기법
1220,엑셀 quick start,3,엑셀 quick start
342,pbr 리얼타임 캐릭터,3,pbr 리얼타임 캐릭터
1218,언리얼 게임 개발,3,언리얼 게임 개발
343,pbr 리얼타임 캐릭터 제작,3,pbr 리얼타임 캐릭터 제작
1216,앱개발 심화 2단계,3,앱개발 심화 2단계
1212,애플리케이션 취약점 분석 입문부터,3,애플리케이션 취약점 분석 입문부터
1279,위한 딥러닝 deep,3,위한 딥러닝 deep
1208,애플리케이션 개발 실전 스프링,3,애플리케이션 개발 실전 스프링
1206,알아보는 함수형 프로그래밍,3,알아보는 함수형 프로그래밍
1205,알아보기 js flow,3,알아보기 js flow
355,redux vs mobx,3,redux vs mobx
1199,안드로이드 인스타그램 클론 만들기,3,안드로이드 인스타그램 클론 만들기
1198,안드로이드 인스타그램 클론,3,안드로이드 인스타그램 클론
1197,안드로이드 앱개발 심화 2단계,3,안드로이드 앱개발 심화 2단계
1196,안드로이드 앱개발 심화,3,안드로이드 앱개발 심화
1193,악성코드 샘플 분석,3,악성코드 샘플 분석
1192,싶습니다 남박사의 파이썬,3,싶습니다 남박사의 파이썬
252,js 끝장내기 실무에,3,js 끝장내기 실무에
846,딥러닝 완전정복 gan bert,3,딥러닝 완전정복 gan bert
1280,위한 딥러닝 deep reinforcement,3,위한 딥러닝 deep reinforcement
69,core 웹개발 기본 강좌,3,core 웹개발 기본 강좌
1453,자바 기반 android pie,3,자바 기반 android pie
1452,자바 기반 android,3,자바 기반 android
73,css3를 이용한 홈페이지 개발,3,css3를 이용한 홈페이지 개발
74,css에 날개를 달아주는,3,css에 날개를 달아주는
75,css에 날개를 달아주는 sass,3,css에 날개를 달아주는 sass
1445,자료구조 여러가지 예제 실습,3,자료구조 여러가지 예제 실습
1444,자료구조 여러가지 예제,3,자료구조 여러가지 예제
81,c언어 홍정모의 따라하며,3,c언어 따라하며
82,c언어 홍정모의 따라하며 배우는,3,c언어 따라하며 배우는
1529,장의 문서로 데이터,3,장의 문서로 데이터
1530,장의 문서로 데이터 분석과,3,장의 문서로 데이터 분석과
88,deep reinforcement learning,3,deep reinforcement learning
94,digital forensic 전문가,3,digital forensic 전문가
95,digital forensic 전문가 과정,3,digital forensic 전문가 과정
106,es6 vue js,3,es6 vue js
107,es6 vue js 완벽,3,es6 vue js 완벽
109,es6 vuex vue,3,es6 vuex vue
1417,입문 악성코드 샘플 분석,3,입문 악성코드 샘플 분석
1416,입문 악성코드 샘플,3,입문 악성코드 샘플
72,css3를 이용한 홈페이지,3,css3를 이용한 홈페이지
68,core 웹개발 기본,3,core 웹개발 기본
237,js es6 vuex vue,3,js es6 vuex vue
1520,자바스크립트로 알아보는 함수형 프로그래밍,3,자바스크립트로 알아보는 함수형 프로그래밍
1498,자바스크립트 개발을 위한 es6,3,자바스크립트 개발을 위한 es6
1494,자바스크립트 node js,3,자바스크립트 node js
17,2020년 공부 목표 현재,3,2020년 공부 목표 현재
19,2d 시작부터 배포까지,3,2d 시작부터 배포까지
1986,활용1 애플리케이션 개발 실전 스프링,3,활용1 애플리케이션 개발 실전
40,asp net core,3,asp net core
41,asp net core 웹개발,3,asp net core 웹개발
44,autolayout 완벽 가이드,3,autolayout 완벽 가이드
1505,자바스크립트 자바스크립트 개발을 위한 es6,3,자바스크립트 자바스크립트 개발을 위한
45,autolayout 완벽 가이드 실무,3,autolayout 완벽 가이드 실무
1481,자바 프로그래밍 입문강좌,3,자바 프로그래밍 입문강좌
48,bert rnn cnn,3,bert rnn cnn
49,bert rnn cnn 최신기법,3,bert rnn cnn 최신기법
1983,활용 스프링 프레임워크,3,활용 스프링 프레임워크
1982,활용 스프링 시큐리티,3,활용 스프링 시큐리티
1979,화이트해커가 되기 위한 모의해킹,3,화이트해커가 되기 위한 모의해킹
1515,자바스크립트 핵심 개념,3,자바스크립트 핵심 개념
1516,자바스크립트 핵심 개념 알아보기,3,자바스크립트 핵심 개념 알아보기
1519,자바스크립트로 알아보는 함수형,3,자바스크립트로 알아보는 함수형
110,es6 vuex vue js,3,es6 vuex vue js
1952,핵심 기술 스프링 부트,3,핵심 기술 스프링 부트
1949,핵심 개념 알아보기 js,3,핵심 개념 알아보기 js
1948,핵심 개념 알아보기,3,핵심 개념 알아보기
1337,유튜브 사이트 만들기,3,유튜브 사이트 만들기
1923,합니다 관심있는 인프런,3,합니다 관심있는 인프런
1328,유니티 게임 개발 unity,3,유니티 게임 개발 unity
190,iot프로젝트 원격모니터링 자동차,3,iot프로젝트 원격모니터링 자동차
1324,윈도우즈 애플리케이션 취약점 분석,3,윈도우즈 애플리케이션 취약점 분석
1323,윈도우즈 애플리케이션 취약점,3,윈도우즈 애플리케이션 취약점
1591,처음 시작하는 파이썬,3,처음 시작하는 파이썬
1144,시작하시는 분들을 위한,3,시작하시는 분들을 위한
201,it취업을 위한 알고리즘,3,it취업을 위한 알고리즘
1593,처음이시라구요 리액트 js로 서비스,3,처음이시라구요 리액트 js로 서비스
202,it취업을 위한 알고리즘 입문,3,it취업을 위한 알고리즘 입문
1915,한해가 되었으면 합니다,3,한해가 되었으면 합니다
1914,한해가 되었으면 좋겠습니다,3,한해가 되었으면 좋겠습니다
1908,하울의 안드로이드 인스타그램 클론,3,하울의 안드로이드 인스타그램 클론
1907,하울의 안드로이드 인스타그램,3,하울의 안드로이드 인스타그램
1298,위한 신입 자바,3,위한 신입 자바
1293,위한 모의해킹 완전 정복,3,위한 모의해킹 완전 정복
1292,위한 모의해킹 완전,3,위한 모의해킹 완전
229,jpa 활용1 애플리케이션 개발 실전 스프링,3,jpa 활용1 애플리케이션 개발
1924,합니다 관심있는 인프런 강의명,3,합니다 관심있는 인프런 강의명
168,ios autolayout 완벽 가이드,3,ios autolayout 완벽 가이드
167,ios autolayout 완벽,3,ios autolayout 완벽
145,go언어 프로그래밍 핵심 기초 입문,3,go언어 프로그래밍 핵심 기초
137,forensic 전문가 과정,3,forensic 전문가 과정
1389,인프런 강의명 프로그래밍,3,인프런 강의명 프로그래밍
1385,인프런 강의명 파이썬,3,인프런 강의명 파이썬
1939,해킹 해커의 컴퓨팅,3,해킹 해커의 컴퓨팅
1383,인프런 강의명 스프링,3,인프런 강의명 스프링
140,gan bert rnn,3,gan bert rnn
141,gan bert rnn cnn,3,gan bert rnn cnn
1562,제주코딩베이스캠프 code festival 자바스크립트,3,제주코딩베이스캠프 code festival 자바스크립트
1364,인스타그램 클론 만들기,3,인스타그램 클론 만들기
1929,해외취업 asp net,3,해외취업 asp net
153,https www inflearn,3,https www inflearn
1361,인공지능 머신러닝까지 학습 로드맵,3,인공지능 머신러닝까지 학습 로드맵
1360,인공지능 머신러닝까지 학습,3,인공지능 머신러닝까지 학습
1359,이해하기 with 자바,3,이해하기 with 자바
154,https www inflearn com,3,https www inflearn com
1355,이용한 홈페이지 개발,3,이용한 홈페이지 개발
1930,해외취업 asp net core,3,해외취업 asp net core
161,inflearn com course,3,inflearn com course
1592,처음이시라구요 리액트 js로,3,처음이시라구요 리액트 js로
397,spring mvc spring,3,spring mvc spring
1620,취업을 위한 신입 자바,3,취업을 위한 신입 자바
969,배우는 스프링 입문,3,배우는 스프링 입문
692,관심과목 스프링 프레임워크 핵심,3,관심과목 스프링 프레임워크 핵심
697,관심있는 강의 스프링,3,관심있는 강의 스프링
1674,클레이튼 블록체인 어플리케이션 만들기,3,클레이튼 블록체인 어플리케이션 만들기
960,배우는 c언어 홍정모의 따라하며 배우는,3,배우는 c언어 따라하며 배우는
959,배우는 c언어 홍정모의 따라하며,3,배우는 c언어 따라하며
958,배우는 c언어 홍정모의,3,배우는 c언어
1673,클레이튼 블록체인 어플리케이션,3,클레이튼 블록체인 어플리케이션
950,문제로 배우는 c언어,3,문제로 배우는 c언어
721,관심있는 인프런 강의명 스프링,3,관심있는 인프런 강의명 스프링
947,문서로 데이터 분석과 시각화,3,문서로 데이터 분석과 시각화
946,문서로 데이터 분석과,3,문서로 데이터 분석과
945,목표입니다 관심 있는,3,목표입니다 관심 있는
944,모의해킹 완전 정복,3,모의해킹 완전 정복
943,모바일 프로젝트 만들기,3,모바일 프로젝트 만들기
723,관심있는 인프런 강의명 파이썬,3,관심있는 인프런 강의명 파이썬
937,모두를 위한 딥러닝 deep,3,모두를 위한 딥러닝 deep
726,관심있는 인프런 강의명 프로그래밍,3,관심있는 인프런 강의명 프로그래밍
935,모던 자바스크립트 자바스크립트 개발을 위한 es6,3,모던 자바스크립트 자바스크립트 개발을
931,머신러링 완벽 가이드,3,머신러링 완벽 가이드
930,머신러닝까지 학습 로드맵,3,머신러닝까지 학습 로드맵
1655,코틀린 기반 안드로이드 앱개발 심화,3,코틀린 기반 안드로이드 앱개발
967,배우는 노드 리액트 시리즈 유튜브,3,배우는 노드 리액트 시리즈
691,관심과목 스프링 프레임워크,3,관심과목 스프링 프레임워크
747,기반 android pie app,3,기반 android pie app
971,배우는 언리얼 게임 개발,3,배우는 언리얼 게임 개발
626,개발을 위한 es6,3,개발을 위한 es6
627,개발을 위한 es6 강좌,3,개발을 위한 es6 강좌
1714,파이썬 100 활용,3,파이썬 100 활용
634,개발자 취업 로드맵,3,개발자 취업 로드맵
641,게임 개발 unity,3,게임 개발 unity
642,게임 개발 unity 2d,3,게임 개발 unity 2d
654,게임을 만들어보며 배우는 언리얼 게임 개발,3,게임을 만들어보며 배우는 언리얼
1002,벡터 미적분학 시리즈1,3,벡터 미적분학 시리즈1
1000,백엔드 개발자 취업 로드맵,3,백엔드 개발자 취업 로드맵
999,백엔드 개발자 취업,3,백엔드 개발자 취업
997,백기선의 spring 완전 정복,3,백기선의 spring 완전 정복
996,백기선의 spring 완전,3,백기선의 spring 완전
993,백기선님 spring framework 커리큘럼,3,백기선님 spring framework 커리큘럼
992,백기선님 spring framework,3,백기선님 spring framework
1814,포렌식 digital forensic,3,포렌식 digital forensic
669,공부 목표 현재,3,공부 목표 현재
984,배워보는 vue js es6 vuex vue,3,배워보는 vue js es6
673,공부를 해보고 싶습니다,3,공부를 해보고 싶습니다
1678,테스트 top 기본 문제 with,3,테스트 top 기본 문제
689,관심강좌 홍정모의 따라하며,3,관심강좌 따라하며
690,관심강좌 홍정모의 따라하며 배우는,3,관심강좌 따라하며 배우는
746,기반 android pie,3,기반 android pie
924,만들어보며 배우는 언리얼 게임 개발,3,만들어보며 배우는 언리얼 게임
1022,분석 입문 악성코드 샘플,3,분석 입문 악성코드 샘플
882,리액트 express를 이용한,3,리액트 express를 이용한
791,네트워크 패킷 분석,3,네트워크 패킷 분석
792,네트워크 패킷 분석 입문,3,네트워크 패킷 분석 입문
796,노드 리액트 시리즈 유튜브,3,노드 리액트 시리즈 유튜브
873,리눅스 서버 네트워크 강좌,3,리눅스 서버 네트워크 강좌
872,리눅스 서버 네트워크,3,리눅스 서버 네트워크
808,달아주는 sass scss,3,달아주는 sass scss
811,데이터 jpa 실전,3,데이터 jpa 실전
817,데이터 분석과 시각화 뽀개기,3,데이터 분석과 시각화 뽀개기
865,라즈베리파이 iot프로젝트 원격모니터링 자동차,3,라즈베리파이 iot프로젝트 원격모니터링 자동차
864,라즈베리파이 iot프로젝트 원격모니터링,3,라즈베리파이 iot프로젝트 원격모니터링
863,따라하면서 배우는 c언어,3,따라하면서 배우는 c언어
826,도움을 많이 받고,3,도움을 많이 받고
827,되기 위한 모의해킹,3,되기 위한 모의해킹
828,되기 위한 모의해킹 완전,3,되기 위한 모의해킹 완전
833,디지털 포렌식 digital,3,디지털 포렌식 digital
834,디지털 포렌식 digital forensic,3,디지털 포렌식 digital forensic
856,따라하며 배우는 노드 리액트 시리즈 유튜브,3,따라하며 배우는 노드 리액트
837,딥러닝 deep reinforcement,3,딥러닝 deep reinforcement
838,딥러닝 deep reinforcement learning,3,딥러닝 deep reinforcement learning
851,따라하며 배우는 c언어 홍정모의 따라하며,3,따라하며 배우는 c언어 따라하며
850,따라하며 배우는 c언어 홍정모의,3,따라하며 배우는 c언어
881,리버싱 분석 초급과정 리버스쿨,3,리버싱 분석 초급과정 리버스쿨
784,남박사의 파이썬 100 활용,3,남박사의 파이썬 100 활용
753,기반 rest api 개발 스프링 시큐리티,3,기반 rest api 개발
783,남박사의 파이썬 100,3,남박사의 파이썬 100
755,기반 안드로이드 앱개발 심화,3,기반 안드로이드 앱개발 심화
920,만들며 배우는 리액트,3,만들며 배우는 리액트
759,기본부터 인공지능 머신러닝까지,3,기본부터 인공지능 머신러닝까지
760,기본부터 인공지능 머신러닝까지 학습,3,기본부터 인공지능 머신러닝까지 학습
914,만들기 누구든지 하는 리액트,3,만들기 누구든지 하는 리액트
913,만들기 누구든지 하는,3,만들기 누구든지 하는
769,기술 스프링 부트,3,기술 스프링 부트
906,리얼타임 캐릭터 제작,3,리얼타임 캐릭터 제작
905,리액트로 구현하는 블록체인,3,리액트로 구현하는 블록체인
778,끝내는 go언어 프로그래밍 핵심 기초 입문,3,끝내는 go언어 프로그래밍 핵심
779,끝장내기 실무에 필요한,3,끝장내기 실무에 필요한
780,끝장내기 실무에 필요한 모든,3,끝장내기 실무에 필요한 모든
781,날개를 달아주는 sass,3,날개를 달아주는 sass
895,리액트 처음이시라구요 리액트 js로,3,리액트 처음이시라구요 리액트 js로
894,리액트 처음이시라구요 리액트,3,리액트 처음이시라구요 리액트
892,리액트 시리즈 유튜브 사이트,3,리액트 시리즈 유튜브 사이트
891,리액트 시리즈 유튜브,3,리액트 시리즈 유튜브
890,리액트 관련 강의,3,리액트 관련 강의
887,리액트 native로 웹앱 모바일,3,리액트 native로 웹앱 모바일
886,리액트 native로 웹앱,3,리액트 native로 웹앱
782,날개를 달아주는 sass scss,3,날개를 달아주는 sass scss
1021,분석 입문 악성코드,3,분석 입문 악성코드
770,기술 스프링 부트 개념과,3,기술 스프링 부트 개념과
1717,파이썬 기본부터 인공지능 머신러닝까지,3,파이썬 기본부터 인공지능 머신러닝까지
1716,파이썬 기본부터 인공지능,3,파이썬 기본부터 인공지능
608,개발 실전 스프링 부트와,3,개발 실전 스프링 부트와
607,개발 실전 스프링,3,개발 실전 스프링
597,개발 unity 2d 시작부터,3,개발 unity 2d 시작부터
560,강의명 함수형 프로그래밍과,3,강의명 함수형 프로그래밍과
1070,스프링 mvc 스프링 기반,3,스프링 mvc 스프링 기반
596,개발 unity 2d,3,개발 unity 2d
561,강의명 함수형 프로그래밍과 자바스크립트,3,강의명 함수형 프로그래밍과 자바스크립트
500,www inflearn com,3,www inflearn com
501,www inflearn com course,3,www inflearn com course
1066,쉽고 빠르게 끝내는 go언어,3,쉽고 빠르게 끝내는 go언어
1736,파이썬 라즈베리파이 iot프로젝트 원격모니터링,3,파이썬 라즈베리파이 iot프로젝트 원격모니터링
1114,스프링 프레임워크 핵심 기술 스프링 부트,3,스프링 프레임워크 핵심 기술
1045,새해 많이 받으세요,3,새해 많이 받으세요
1046,새해복 많이 받으세요,3,새해복 많이 받으세요
1047,서버 네트워크 강좌,3,서버 네트워크 강좌
593,개념과 활용 스프링 프레임워크,3,개념과 활용 스프링 프레임워크
1049,성공하는 것이 목표입니다,3,성공하는 것이 목표입니다
589,개념 완벽 이해하기 with,3,개념 완벽 이해하기 with
588,개념 완벽 이해하기,3,개념 완벽 이해하기
587,개념 알아보기 js flow,3,개념 알아보기 js flow
586,개념 알아보기 js,3,개념 알아보기 js
1110,스프링 프레임워크 입문,3,스프링 프레임워크 입문
1731,파이썬 딥러닝 완전정복,3,파이썬 딥러닝 완전정복
1732,파이썬 딥러닝 완전정복 gan,3,파이썬 딥러닝 완전정복 gan
511,가이드 실무 프로젝트를 위한 실전강의,3,가이드 실무 프로젝트를 위한
1748,파이썬 머신러링 완벽,3,파이썬 머신러링 완벽
1735,파이썬 라즈베리파이 iot프로젝트,3,파이썬 라즈베리파이 iot프로젝트
1029,블록체인 개념 완벽 이해하기,3,블록체인 개념 완벽 이해하기
1642,코딩 테스트 top 기본 문제 with,3,코딩 테스트 top 기본
445,vue js es6 vuex vue,3,vue js es6 vuex
1024,분석 입문부터 활용까지,3,분석 입문부터 활용까지
526,강의 파이썬 머신러닝,3,강의 파이썬 머신러닝
1025,분석 초급과정 리버스쿨,3,분석 초급과정 리버스쿨
458,vue js 끝장내기,3,vue js 끝장내기
459,vue js 끝장내기 실무에,3,vue js 끝장내기 실무에
1804,패킷 분석 입문 악성코드,3,패킷 분석 입문 악성코드
484,vuex vue js,3,vuex vue js
1803,패킷 분석 입문,3,패킷 분석 입문
1026,분석과 시각화 뽀개기,3,분석과 시각화 뽀개기
1080,스프링 데이터 jpa 실전,3,스프링 데이터 jpa 실전
1125,시리즈 유튜브 사이트 만들기,3,시리즈 유튜브 사이트 만들기
1124,시리즈 유튜브 사이트,3,시리즈 유튜브 사이트
1749,파이썬 머신러링 완벽 가이드,3,파이썬 머신러링 완벽 가이드
1028,블록체인 개념 완벽,3,블록체인 개념 완벽
1636,코드를 조작하는 다양한 방법 스프링,2,코드를 조작하는 다양한 방법
1845,프로그래밍 ios12 개발,2,프로그래밍 ios12 개발
1787,파이썬을 이용한 크롤링,2,파이썬을 이용한 크롤링
1533,저자의 red hat,2,저자의 red hat
1770,파이썬 크롤링으로 데이터,2,파이썬 크롤링으로 데이터
1771,파이썬 크롤링으로 데이터 추출,2,파이썬 크롤링으로 데이터 추출
1774,파이썬 텍스트 분석과,2,파이썬 텍스트 분석과
1782,파이썬으로 장고 django 공략하기,2,파이썬으로 장고 django 공략하기
1778,파이썬 프로그래밍 완벽 이해,2,파이썬 프로그래밍 완벽 이해
1958,현업에 대한 이야기,2,현업에 대한 이야기
1523,자유롭게 구사하는 기술,2,자유롭게 구사하는 기술
1777,파이썬 프로그래밍 완벽,2,파이썬 프로그래밍 완벽
1534,저자의 red hat centos7,2,저자의 red hat centos7
1645,코딩테스트 대비 제주코딩베이스캠프,2,코딩테스트 대비 제주코딩베이스캠프
1775,파이썬 텍스트 분석과 자연어,2,파이썬 텍스트 분석과 자연어
1846,프로그래밍 ios12 개발 퍼펙트,2,프로그래밍 ios12 개발 퍼펙트
1524,자유롭게 구사하는 기술 보유하여,2,자유롭게 구사하는 기술 보유하여
1527,장고 django 공략하기,2,장고 django 공략하기
1644,코딩의민족 제작 android kotlin,2,코딩의민족 제작 android kotlin
1528,장고 django 공략하기 입문,2,장고 django 공략하기 입문
1781,파이썬으로 장고 django,2,파이썬으로 장고 django
1895,프리다를 이용한 모의해킹,2,프리다를 이용한 모의해킹
1792,파이썬을 활용한 데이터분석과 it보안,2,파이썬을 활용한 데이터분석과 it보안
1959,현직 개발자 입니다,2,현직 개발자 입니다
1799,파이어베이스를 활용한 메신져 만들기,2,파이어베이스를 활용한 메신져 만들기
1998,활용한 메신져 만들기 android,2,활용한 메신져 만들기 android
1997,활용한 메신져 만들기,2,활용한 메신져 만들기
1994,활용한 데이터분석과 it보안,2,활용한 데이터분석과 it보안
1813,페이스북 퍼포먼스 마케팅,2,페이스북 퍼포먼스 마케팅
1621,취업을 위한 신입 자바 자바,2,취업을 위한 신입 자바
1613,추출 입문부터 실습까지,2,추출 입문부터 실습까지
1611,초심자를 위한 리액트 핵심 강좌 tdd,2,초심자를 위한 리액트 핵심
1802,파이참 pycharm 핵심 가이드,2,파이참 pycharm 핵심 가이드
1817,포렌식 전문가 과정,2,포렌식 전문가 과정
1820,풀스택 로드맵 트위터,2,풀스택 로드맵 트위터
1821,풀스택 로드맵 트위터 클론앱,2,풀스택 로드맵 트위터 클론앱
1823,풀스택개발 boot camp,2,풀스택개발 boot camp
1801,파이참 pycharm 핵심,2,파이참 pycharm 핵심
1511,자바스크립트 풀스택 로드맵,2,자바스크립트 풀스택 로드맵
1843,프레임워크 핵심 기술 자바,2,프레임워크 핵심 기술 자바
1824,풀스택개발 boot camp 입문부터,2,풀스택개발 boot camp 입문부터
1970,홍정모의 따라하며 배우는 리눅스 시스템,2,따라하며 배우는 리눅스 시스템
1512,자바스크립트 풀스택 로드맵 트위터,2,자바스크립트 풀스택 로드맵 트위터
1798,파이어베이스를 활용한 메신져,2,파이어베이스를 활용한 메신져
1969,홍정모의 따라하며 배우는 리눅스,2,따라하며 배우는 리눅스
1793,파이썬을 활용한 선형대수학,2,파이썬을 활용한 선형대수학
1631,취업을 하고 싶습니다,2,취업을 하고 싶습니다
1835,프레임워크 renewal ver,2,프레임워크 renewal ver
1836,프레임워크 renewal ver 신입,2,프레임워크 renewal ver 신입
1960,현직 개발자 입니다 올해는,2,현직 개발자 입니다 올해는
1646,코딩테스트 대비 제주코딩베이스캠프 code,2,코딩테스트 대비 제주코딩베이스캠프 code
1791,파이썬을 활용한 데이터분석과,2,파이썬을 활용한 데이터분석과
1788,파이썬을 이용한 크롤링 web,2,파이썬을 이용한 크롤링 web
1856,프로그래밍 시작하기 파이썬 입문 공공데이터로,2,프로그래밍 시작하기 파이썬 입문
1551,제대로 알아보기 초급 자바스크립트,2,제대로 알아보기 초급 자바스크립트
1763,파이썬 입문 공공데이터로 파이썬,2,파이썬 입문 공공데이터로 파이썬
1692,텐서플로2 파이썬 딥러닝 완전정복,2,텐서플로2 파이썬 딥러닝 완전정복
1699,통찰력을 주는 엑셀,2,통찰력을 주는 엑셀
1715,파이썬 관련 강의들,2,파이썬 관련 강의들
1595,초급 자바스크립트 es6,2,초급 자바스크립트 es6
1886,프로토스타 완벽 풀이집,2,프로토스타 완벽 풀이집
1643,코딩의민족 제작 android,2,코딩의민족 제작 android
1916,함수형 프로그래밍과 es6,2,함수형 프로그래밍과 es6
1690,텍스트마이닝 top keyword부터 감성분석까지,2,텍스트마이닝 top keyword부터 감성분석까지
1762,파이썬 입문 공공데이터로,2,파이썬 입문 공공데이터로
1919,함수형 프로그래밍과 자바스크립트 es6 _유인동,2,함수형 프로그래밍과 자바스크립트 es6
1689,텍스트마이닝 top keyword부터,2,텍스트마이닝 top keyword부터
1882,프로젝트 파이썬 머신러닝 완벽,2,프로젝트 파이썬 머신러닝 완벽
1688,텍스트 분석과 자연어 처리,2,텍스트 분석과 자연어 처리
1687,텍스트 분석과 자연어,2,텍스트 분석과 자연어
1685,테스트하는 다양한 방법 스프링,2,테스트하는 다양한 방법 스프링
1910,하울의 코틀린 안드로이드,2,하울의 코틀린 안드로이드
1700,통찰력을 주는 엑셀 quick,2,통찰력을 주는 엑셀 quick
1702,통한 파이썬 텍스트,2,통한 파이썬 텍스트
1596,초급 자바스크립트 es6 제대로,2,초급 자바스크립트 es6 제대로
1599,초급과정 리버스쿨 level2,2,초급과정 리버스쿨 level2
1600,초급과정 리버스쿨 level2 리버싱,2,초급과정 리버스쿨 level2 리버싱
1888,프론트엔드 영역 자유롭게,2,프론트엔드 영역 자유롭게
1889,프론트엔드 영역 자유롭게 구사하는,2,프론트엔드 영역 자유롭게 구사하는
1905,하는 텍스트마이닝 top keyword부터,2,하는 텍스트마이닝 top keyword부터
1904,하는 텍스트마이닝 top,2,하는 텍스트마이닝 top
1903,하는 크롤링 입문편,2,하는 크롤링 입문편
1703,통한 파이썬 텍스트 분석과,2,통한 파이썬 텍스트 분석과
1713,트위터 클론앱 만들기,2,트위터 클론앱 만들기
1898,하는 것이 목표입니다,2,하는 것이 목표입니다
1892,프리다 frida 이용한,2,프리다 frida 이용한
1897,하나 firebase의 모든것,2,하나 firebase의 모든것
1896,하고 있는데 올해는,2,하고 있는데 올해는
1925,합니다 파이썬 머신러닝,2,합니다 파이썬 머신러닝
1881,프로젝트 파이썬 머신러닝,2,프로젝트 파이썬 머신러닝
1581,지금 당장 성과내기 페이스북,2,지금 당장 성과내기 페이스북
1740,파이썬 머신러닝 완벽 가이드 권철민,2,파이썬 머신러닝 완벽 가이드
1759,파이썬 알고리즘 문제풀이 코딩테스트 대비 제주코딩베이스캠프,2,파이썬 알고리즘 문제풀이 코딩테스트
1955,핵심 기술 자바,2,핵심 기술 자바
1858,프로그래밍 언어 재정비,2,프로그래밍 언어 재정비
1859,프로그래밍 완벽 이해,2,프로그래밍 완벽 이해
1657,크롤링 web crawling,2,크롤링 web crawling
1658,크롤링 web crawling 어플리케이션,2,크롤링 web crawling 어플리케이션
1947,핵심 강좌 리액트,2,핵심 강좌 리액트
1944,핵심 강좌 tdd 개발,2,핵심 강좌 tdd 개발
1943,핵심 강좌 tdd,2,핵심 강좌 tdd
1941,해킹과 모의해킹 현업에 대한,2,해킹과 모의해킹 현업에 대한
1893,프리다 frida 이용한 안드로이드,2,프리다 frida 이용한 안드로이드
1554,제작 android kotlin,2,제작 android kotlin
1940,해킹과 모의해킹 현업에,2,해킹과 모의해킹 현업에
1869,프로그래밍과 자바스크립트 es6 _유인동,2,프로그래밍과 자바스크립트 es6 _유인동
1664,크롤링으로 데이터 추출,2,크롤링으로 데이터 추출
1580,지금 당장 성과내기,2,지금 당장 성과내기
1665,크롤링으로 데이터 추출 입문부터,2,크롤링으로 데이터 추출 입문부터
1671,클래스의 이해와 객체지향,2,클래스의 이해와 객체지향
1672,클래스의 이해와 객체지향 프로그래밍,2,클래스의 이해와 객체지향 프로그래밍
1567,조작하는 다양한 방법 스프링,2,조작하는 다양한 방법 스프링
1570,주는 엑셀 quick,2,주는 엑셀 quick
1571,주는 엑셀 quick start,2,주는 엑셀 quick start
1938,해킹 프로토스타 완벽 풀이집,2,해킹 프로토스타 완벽 풀이집
1937,해킹 프로토스타 완벽,2,해킹 프로토스타 완벽
1726,파이썬 데이터시각화 분석 실전 프로젝트 파이썬,2,파이썬 데이터시각화 분석 실전
1675,클레이튼 블록체인 어플리케이션 만들기 토큰,2,클레이튼 블록체인 어플리케이션 만들기
1934,해킹 대회를 위한 시스템,2,해킹 대회를 위한 시스템
1933,해킹 대회를 위한,2,해킹 대회를 위한
1928,해서 좋은 개발자가,2,해서 좋은 개발자가
1926,합니다 파이썬 머신러닝 완벽,2,합니다 파이썬 머신러닝 완벽
1691,텐서플로2 파이썬 딥러닝,2,텐서플로2 파이썬 딥러닝
0,12개 만들면서 배우는,2,12개 만들면서 배우는
1500,자바스크립트 개발을 위한 es6 강좌 생활코딩,2,자바스크립트 개발을 위한 es6
389,sns 만들기 신청완료,2,sns 만들기 신청완료
367,renewal ver 신입 프로그래머를,2,renewal ver 신입 프로그래머를
372,rest api 개발 스프링 데이터,2,rest api 개발 스프링
379,r로 하는 크롤링 입문편,2,r로 하는 크롤링 입문편
380,r로 하는 텍스트마이닝,2,r로 하는 텍스트마이닝
381,r로 하는 텍스트마이닝 top,2,r로 하는 텍스트마이닝 top
384,sns 만들기 node,2,sns 만들기 node
385,sns 만들기 누구든지,2,sns 만들기 누구든지
386,sns 만들기 누구든지 하는,2,sns 만들기 누구든지 하는
390,spring boot jpa,2,spring boot jpa
288,level3 안드로이드 모바일 리버싱,2,level3 안드로이드 모바일 리버싱
391,spring boot spring,2,spring boot spring
392,spring boot spring mvc,2,spring boot spring mvc
399,spring 관련 강좌,2,spring 관련 강좌
406,swift4 ios11 아이폰,2,swift4 ios11 아이폰
407,swift4 ios11 아이폰 ios,2,swift4 ios11 아이폰 ios
410,swift4 ios11 입문,2,swift4 ios11 입문
412,swiftui 개념 익히기,2,swiftui 개념 익히기
421,top keyword부터 감성분석까지,2,top keyword부터 감성분석까지
366,renewal ver 신입,2,renewal ver 신입
358,reinforcement learning 파이썬 머신러닝,2,reinforcement learning 파이썬 머신러닝
357,reinforcement learning 파이썬,2,reinforcement learning 파이썬
356,redux vs mobx 배우자,2,redux vs mobx 배우자
290,malware 분석 입문 과정,2,malware 분석 입문 과정
296,mvc 스프링 부트,2,mvc 스프링 부트
297,mvc 스프링 부트 개념과,2,mvc 스프링 부트 개념과
307,nlp imdb 영화리뷰,2,nlp imdb 영화리뷰
308,nlp imdb 영화리뷰 감정,2,nlp imdb 영화리뷰 감정
315,node js 웹개발로,2,node js 웹개발로
316,node js 웹개발로 알아보는,2,node js 웹개발로 알아보는
321,nodebird sns 만들기 node,2,nodebird sns 만들기 node
322,nodebird sns 만들기 누구든지,2,nodebird sns 만들기 누구든지
325,nodebird sns 만들기 신청완료,2,nodebird sns 만들기 신청완료
327,objective 강좌 12개,2,objective 강좌 12개
328,objective 강좌 12개 만들면서,2,objective 강좌 12개 만들면서
345,pie app 개발 기본,2,pie app 개발 기본
346,pie app 개발 심화,2,pie app 개발 심화
350,pycharm 핵심 가이드,2,pycharm 핵심 가이드
351,red hat centos7,2,red hat centos7
352,red hat centos7 리눅스,2,red hat centos7 리눅스
425,typescript with vue,2,typescript with vue
426,typescript with vue 실전,2,typescript with vue 실전
439,vs mobx 배우자,2,vs mobx 배우자
515,감정 분석을 통한,2,감정 분석을 통한
519,강의 딥러닝 완전정복,2,강의 딥러닝 완전정복
520,강의 리액트로 nodebird,2,강의 리액트로 nodebird
521,강의 리액트로 nodebird sns,2,강의 리액트로 nodebird sns
523,강의 스프링 mvc,2,강의 스프링 mvc
524,강의 스프링 시큐리티,2,강의 스프링 시큐리티
525,강의 스프링 프레임워크,2,강의 스프링 프레임워크
527,강의 파이썬 머신러닝 완벽,2,강의 파이썬 머신러닝 완벽
529,강의 파이썬 알고리즘,2,강의 파이썬 알고리즘
530,강의 파이썬 알고리즘 문제풀이,2,강의 파이썬 알고리즘 문제풀이
531,강의 함수형 프로그래밍과,2,강의 함수형 프로그래밍과
532,강의 함수형 프로그래밍과 자바스크립트,2,강의 함수형 프로그래밍과 자바스크립트
534,강의는 1월 중순,2,강의는 1월 중순
535,강의를 듣고 싶습니다,2,강의를 듣고 싶습니다
536,강의를 인프런에서 들으면서,2,강의를 인프런에서 들으면서
537,강의를 인프런에서 들으면서 목표를,2,강의를 인프런에서 들으면서 목표를
538,강의명 flutter 입문,2,강의명 flutter 입문
539,강의명 flutter 입문 안드로이드,2,강의명 flutter 입문 안드로이드
516,감정 분석을 통한 파이썬,2,감정 분석을 통한 파이썬
513,가이드 케라스 인공지능의 공용어,2,가이드 케라스 인공지능의 공용어
447,vue js jpa,2,vue js jpa
512,가이드 케라스 인공지능의,2,가이드 케라스 인공지능의
452,vue js 강의를,2,vue js 강의를
454,vue js 관련 강의들을,2,vue js 관련 강의들을
455,vue js 관련 강의를,2,vue js 관련 강의를
468,vue js 완벽 가이드 신청완료,2,vue js 완벽 가이드
478,vue 관련강의 다수,2,vue 관련강의 다수
479,vue 실전 프로젝트,2,vue 실전 프로젝트
485,vuex vue js 완벽,2,vuex vue js 완벽
493,vue로 nodebird sns 만들기 신청완료,2,vue로 nodebird sns 만들기
494,web crawling 어플리케이션,2,web crawling 어플리케이션
495,web crawling 어플리케이션 만들기,2,web crawling 어플리케이션 만들기
496,with vue 실전,2,with vue 실전
497,with vue 실전 프로젝트,2,with vue 실전 프로젝트
502,www inflearn com course flutter,2,www inflearn com course
503,가면서 배우는 자바,2,가면서 배우는 자바
504,가면서 배우는 자바 플레이그라운드,2,가면서 배우는 자바 플레이그라운드
505,가이드 신청완료 vue로,2,가이드 신청완료 vue로
506,가이드 신청완료 vue로 nodebird,2,가이드 신청완료 vue로 nodebird
289,malware 분석 입문,2,malware 분석 입문
287,level3 안드로이드 모바일,2,level3 안드로이드 모바일
1495,자바스크립트 vue js,2,자바스크립트 vue js
114,es6 강좌 생활코딩 리액트,2,es6 강좌 생활코딩 리액트
67,com course flutter,2,com course flutter
70,crawling 어플리케이션 만들기,2,crawling 어플리케이션 만들기
77,c로 배우는 자료구조,2,c로 배우는 자료구조
78,c로 배우는 자료구조 여러가지,2,c로 배우는 자료구조 여러가지
89,deep reinforcement learning 파이썬,2,deep reinforcement learning 파이썬
96,django 공략하기 입문,2,django 공략하기 입문
111,es6 vuex vue js 완벽,2,es6 vuex vue js
113,es6 강좌 생활코딩,2,es6 강좌 생활코딩
118,es6 제대로 알아보기 초급 자바스크립트,2,es6 제대로 알아보기 초급
286,level2 리버싱 분석 초급과정,2,level2 리버싱 분석 초급과정
124,express 이용한 어플리케이션,2,express 이용한 어플리케이션
125,express 이용한 어플리케이션 개발하기,2,express 이용한 어플리케이션 개발하기
126,express를 이용한 어플리케이션,2,express를 이용한 어플리케이션
127,express를 이용한 어플리케이션 개발하기,2,express를 이용한 어플리케이션 개발하기
130,flutter 인스타그램 클론,2,flutter 인스타그램 클론
138,frida 이용한 안드로이드,2,frida 이용한 안드로이드
139,frida 이용한 안드로이드 모의해킹,2,frida 이용한 안드로이드 모의해킹
147,hat centos7 리눅스,2,hat centos7 리눅스
61,centos7 리눅스 서버 네트워크,2,centos7 리눅스 서버 네트워크
60,centos7 리눅스 서버,2,centos7 리눅스 서버
59,cc 일러스트레이터 입문부터 실전까지,2,cc 일러스트레이터 입문부터 실전까지
58,cc 일러스트레이터 입문부터,2,cc 일러스트레이터 입문부터
4,12개를 만들며 배우는,2,12개를 만들며 배우는
5,12개를 만들며 배우는 swift4,2,12개를 만들며 배우는 swift4
8,2018 do it,2,2018 do it
9,2018 do it 안드로이드,2,2018 do it 안드로이드
12,2020년 공부 목표 올해는,2,2020년 공부 목표 올해는
13,2020년 공부 목표 파이썬,2,2020년 공부 목표 파이썬
14,2020년 공부 목표 프론트엔드,2,2020년 공부 목표 프론트엔드
30,android pie app 개발 기본,2,android pie app 개발
33,api 개발 스프링 데이터,2,api 개발 스프링 데이터
38,app 개발 기본,2,app 개발 기본
39,app 개발 심화,2,app 개발 심화
50,boot camp 입문부터,2,boot camp 입문부터
51,boot camp 입문부터 서비스,2,boot camp 입문부터 서비스
53,boot spring mvc,2,boot spring mvc
54,boot spring mvc spring,2,boot spring mvc spring
56,camp 입문부터 서비스,2,camp 입문부터 서비스
57,camp 입문부터 서비스 개발까지,2,camp 입문부터 서비스 개발까지
148,hat centos7 리눅스 서버,2,hat centos7 리눅스 서버
156,https www inflearn com course flutter,2,https www inflearn com
157,imdb 영화리뷰 감정,2,imdb 영화리뷰 감정
216,jpa 시리즈 입니다,2,jpa 시리즈 입니다
218,jpa 실전 스프링 부트와,2,jpa 실전 스프링 부트와
220,jpa 자바 orm,2,jpa 자바 orm
221,jpa 자바 orm 표준,2,jpa 자바 orm 표준
224,jpa 자바 스프링,2,jpa 자바 스프링
239,js es6 vuex vue js 완벽,2,js es6 vuex vue
244,js 관련 강의들을,2,js 관련 강의들을
245,js 관련 강의를,2,js 관련 강의를
246,js 관련 강의를 인프런에서,2,js 관련 강의를 인프런에서
260,js 완벽 가이드 신청완료,2,js 완벽 가이드 신청완료
263,js 웹개발로 알아보는,2,js 웹개발로 알아보는
264,js 웹개발로 알아보는 백엔드,2,js 웹개발로 알아보는 백엔드
271,jsp renew ver,2,jsp renew ver
272,jsp renew ver 신입,2,jsp renew ver 신입
279,klaytn 클레이튼 블록체인 어플리케이션 만들기 토큰,2,klaytn 클레이튼 블록체인 어플리케이션
280,learning 파이썬 머신러닝,2,learning 파이썬 머신러닝
283,level1 리버싱 분석 초급과정 리버스쿨,2,level1 리버싱 분석 초급과정
285,level2 리버싱 분석,2,level2 리버싱 분석
217,jpa 실전 스프링,2,jpa 실전 스프링
214,jpa 스프링 프레임워크 핵심,2,jpa 스프링 프레임워크 핵심
158,imdb 영화리뷰 감정 분석을,2,imdb 영화리뷰 감정 분석을
213,jpa 스프링 프레임워크,2,jpa 스프링 프레임워크
162,inflearn com course flutter,2,inflearn com course flutter
163,intellij를 시작하시는 분들을,2,intellij를 시작하시는 분들을
164,intellij를 시작하시는 분들을 위한,2,intellij를 시작하시는 분들을 위한
171,ios 개발 강좌,2,ios 개발 강좌
173,ios 개발을 번에 flutter,2,ios 개발을 번에 flutter
180,ios 아이폰 개발,2,ios 아이폰 개발
181,ios 프로그래밍 ios12,2,ios 프로그래밍 ios12
182,ios 프로그래밍 ios12 개발,2,ios 프로그래밍 ios12 개발
185,ios11 아이폰 ios,2,ios11 아이폰 ios
186,ios11 아이폰 ios 개발,2,ios11 아이폰 ios 개발
191,ipc 프로그래밍 이론과,2,ipc 프로그래밍 이론과
192,ipc 프로그래밍 이론과 실습,2,ipc 프로그래밍 이론과 실습
204,jpa node js,2,jpa node js
205,jpa spring boot,2,jpa spring boot
206,jpa spring boot spring,2,jpa spring boot spring
209,jpa 스프링 기반,2,jpa 스프링 기반
210,jpa 스프링 기반 rest,2,jpa 스프링 기반 rest
542,강의명 opencv 파이썬,2,강의명 opencv 파이썬
543,강의명 opencv 파이썬 딥러닝,2,강의명 opencv 파이썬 딥러닝
546,강의명 vue js,2,강의명 vue js
1339,이것이 리눅스다 저자의 red,2,이것이 리눅스다 저자의 red
1299,위한 신입 자바 자바,2,위한 신입 자바 자바
1311,위한 자바 스프링,2,위한 자바 스프링
1312,위한 자바 스프링 프레임워크강좌,2,위한 자바 스프링 프레임워크강좌
1319,윈도우 악성코드 malware,2,윈도우 악성코드 malware
1320,윈도우 악성코드 malware 분석,2,윈도우 악성코드 malware 분석
1333,유료로 웹서비스 구축,2,유료로 웹서비스 구축
1334,유료로 웹서비스 구축 하나,2,유료로 웹서비스 구축 하나
1338,이것이 리눅스다 저자의,2,이것이 리눅스다 저자의
1345,이번 방학동안 부족했던,2,이번 방학동안 부족했던
547,강의명 vue js 완벽,2,강의명 vue js 완벽
1346,이번 방학동안 부족했던 부분을,2,이번 방학동안 부족했던 부분을
1349,이용한 안드로이드 모의해킹,2,이용한 안드로이드 모의해킹
1351,이용한 크롤링 web,2,이용한 크롤링 web
1352,이용한 크롤링 web crawling,2,이용한 크롤링 web crawling
1358,이해와 객체지향 프로그래밍,2,이해와 객체지향 프로그래밍
1367,인터렉티브 개발 제대로,2,인터렉티브 개발 제대로
1368,인터렉티브 개발 제대로 시작하기,2,인터렉티브 개발 제대로 시작하기
1369,인프런 강의를 통해서,2,인프런 강의를 통해서
1295,위한 시스템 해킹 프로토스타,2,위한 시스템 해킹 프로토스타
1294,위한 시스템 해킹,2,위한 시스템 해킹
1289,위한 리액트 핵심 강좌 tdd,2,위한 리액트 핵심 강좌
1282,위한 딥러닝 deep reinforcement learning 파이썬,2,위한 딥러닝 deep reinforcement
1120,스프링부트와 jpa 활용2,2,스프링부트와 jpa 활용2
1121,스프링부트와 jpa 활용2 api,2,스프링부트와 jpa 활용2 api
1128,시스템 해킹 프로토스타,2,시스템 해킹 프로토스타
1129,시스템 해킹 프로토스타 완벽,2,시스템 해킹 프로토스타 완벽
1140,시작하기 파이썬 입문 공공데이터로,2,시작하기 파이썬 입문 공공데이터로
1145,시작하시는 분들을 위한 intellij,2,시작하시는 분들을 위한 intellij
1147,시큐리티 스프링 데이터,2,시큐리티 스프링 데이터
1148,시큐리티 스프링 데이터 jpa,2,시큐리티 스프링 데이터 jpa
1149,신입 자바 자바,2,신입 자바 자바
1150,신입 자바 자바 개발자,2,신입 자바 자바 개발자
1154,신입프로그래머를 위한 자바,2,신입프로그래머를 위한 자바
1155,신입프로그래머를 위한 자바 스프링,2,신입프로그래머를 위한 자바 스프링
1157,신청완료 vue로 nodebird,2,신청완료 vue로 nodebird
1158,신청완료 vue로 nodebird sns,2,신청완료 vue로 nodebird sns
1261,웹서비스 구축 하나 firebase의,2,웹서비스 구축 하나 firebase의
1274,위한 es6 강좌 생활코딩,2,위한 es6 강좌 생활코딩
1276,위한 intellij 가이드,2,위한 intellij 가이드
1370,인프런 강의명 flutter,2,인프런 강의명 flutter
1371,인프런 강의명 flutter 입문,2,인프런 강의명 flutter 입문
1374,인프런 강의명 opencv,2,인프런 강의명 opencv
1434,있는 강의 딥러닝 완전정복,2,있는 강의 딥러닝 완전정복
1437,있는 안드로이드 개발 kotlin,2,있는 안드로이드 개발 kotlin
1439,있는 풀스택 개발자가,2,있는 풀스택 개발자가
1440,있는 한해가 되었으면,2,있는 한해가 되었으면
1441,있다 이모티콘 만들기,2,있다 이모티콘 만들기
1442,있습니다 열심히 공부해서,2,있습니다 열심히 공부해서
1450,자바 spring jpa,2,자바 spring jpa
1451,자바 개발자 로드맵,2,자바 개발자 로드맵
1460,자바 스프링 프레임워크 renewal,2,자바 스프링 프레임워크 renewal
1463,자바 스프링 프레임워크강좌,2,자바 스프링 프레임워크강좌
1467,자바 애플리케이션을 테스트하는 다양한 방법 스프링,2,자바 애플리케이션을 테스트하는 다양한
1468,자바 자바 개발자,2,자바 자바 개발자
1469,자바 자바 개발자 로드맵,2,자바 자바 개발자 로드맵
1473,자바 코드를 조작하는 다양한 방법 스프링,2,자바 코드를 조작하는 다양한
1474,자바 클래스의 이해와,2,자바 클래스의 이해와
1475,자바 클래스의 이해와 객체지향,2,자바 클래스의 이해와 객체지향
1483,자바스크립트 es6 _유인동,2,자바스크립트 es6 _유인동
1489,자바스크립트 es6 제대로 알아보기 초급 자바스크립트,2,자바스크립트 es6 제대로 알아보기
1435,있는 사람이 되겠습니다,2,있는 사람이 되겠습니다
1433,있는 강의 딥러닝,2,있는 강의 딥러닝
1375,인프런 강의명 opencv 파이썬,2,인프런 강의명 opencv 파이썬
1426,입문부터 서비스 개발까지,2,입문부터 서비스 개발까지
1378,인프런 강의명 vue,2,인프런 강의명 vue
1379,인프런 강의명 vue js,2,인프런 강의명 vue js
1382,인프런 강의명 리눅스,2,인프런 강의명 리눅스
1384,인프런 강의명 자바,2,인프런 강의명 자바
1386,인프런 강의명 파이썬 알고리즘,2,인프런 강의명 파이썬 알고리즘
1390,인프런 강의명 프로그래밍 시작하기,2,인프런 강의명 프로그래밍 시작하기
1393,인프런 강의명 함수형,2,인프런 강의명 함수형
1394,인프런 강의명 함수형 프로그래밍과,2,인프런 강의명 함수형 프로그래밍과
1397,인프런에서 들으면서 목표를,2,인프런에서 들으면서 목표를
1398,인프런에서 좋은 강의를,2,인프런에서 좋은 강의를
1399,인프런을 통해 올해,2,인프런을 통해 올해
1400,일러스트레이터 입문부터 실전까지,2,일러스트레이터 입문부터 실전까지
1410,입문 공공데이터로 파이썬,2,입문 공공데이터로 파이썬
1411,입문 공공데이터로 파이썬 데이터,2,입문 공공데이터로 파이썬 데이터
1414,입문 스프링 프레임워크,2,입문 스프링 프레임워크
1415,입문 스프링 프레임워크 핵심,2,입문 스프링 프레임워크 핵심
1421,입문 안드로이드 ios 개발을 번에 flutter,2,입문 안드로이드 ios 개발을
1118,스프링부트 vue js jpa,2,스프링부트 vue js jpa
1117,스프링부트 vue js,2,스프링부트 vue js
1115,스프링 프레임워크 핵심 기술 자바,2,스프링 프레임워크 핵심 기술
599,개발 관련 강의,2,개발 관련 강의
605,개발 스프링 데이터 jpa,2,개발 스프링 데이터 jpa
622,개발을 번에 flutter,2,개발을 번에 flutter
623,개발을 번에 flutter 중급,2,개발을 번에 flutter 중급
628,개발을 위한 es6 강좌 생활코딩,2,개발을 위한 es6 강좌
633,개발자 입니다 올해는,2,개발자 입니다 올해는
636,개발자가 되고 싶어요,2,개발자가 되고 싶어요
637,개발자가 되는 것을,2,개발자가 되는 것을
638,개발자가 되는 것을 목표로,2,개발자가 되는 것을 목표로
639,것이 목표입니다 관심,2,것이 목표입니다 관심
640,것이 목표입니다 관심 있는,2,것이 목표입니다 관심 있는
655,게임을 활용한 파이썬,2,게임을 활용한 파이썬
656,게임을 활용한 파이썬 프로그래밍,2,게임을 활용한 파이썬 프로그래밍
659,견고한js 소프트웨어 만들기,2,견고한js 소프트웨어 만들기
663,공부 목표 올해는,2,공부 목표 올해는
664,공부 목표 파이썬,2,공부 목표 파이썬
665,공부 목표 프론트엔드,2,공부 목표 프론트엔드
666,공부 목표 프론트엔드 영역,2,공부 목표 프론트엔드 영역
604,개발 스프링 데이터,2,개발 스프링 데이터
595,개발 swift4 ios11 입문,2,개발 swift4 ios11 입문
671,공부를 열심히 해볼,2,공부를 열심히 해볼
594,개발 swift4 ios11,2,개발 swift4 ios11
550,강의명 백기선님의 스프링,2,강의명 백기선님의 스프링
551,강의명 백기선님의 스프링 시큐리티,2,강의명 백기선님의 스프링 시큐리티
552,강의명 파이썬 알고리즘,2,강의명 파이썬 알고리즘
553,강의명 파이썬 알고리즘 문제풀이,2,강의명 파이썬 알고리즘 문제풀이
556,강의명 프로그래밍 시작하기,2,강의명 프로그래밍 시작하기
557,강의명 프로그래밍 시작하기 파이썬,2,강의명 프로그래밍 시작하기 파이썬
563,강의명 홍정모의 따라하며,2,강의명 따라하며
564,강의명 홍정모의 따라하며 배우는,2,강의명 따라하며 배우는
565,강좌 12개 만들면서,2,강좌 12개 만들면서
566,강좌 12개 만들면서 배우는,2,강좌 12개 만들면서 배우는
573,강좌 tdd 개발,2,강좌 tdd 개발
574,강좌 tdd 개발 방법론을,2,강좌 tdd 개발 방법론을
577,강좌 vue js,2,강좌 vue js
578,강좌 vue js 완벽,2,강좌 vue js 완벽
580,강좌 기획부터 사용까지,2,강좌 기획부터 사용까지
581,강좌 생활코딩 리액트,2,강좌 생활코딩 리액트
592,개념과 활용 스프링 시큐리티,2,개념과 활용 스프링 시큐리티
670,공부 열심히 해서,2,공부 열심히 해서
676,관련 강의를 인프런에서,2,관련 강의를 인프런에서
1107,스프링 프레임워크 renewal ver,2,스프링 프레임워크 renewal ver
727,관심있는 인프런 강의명 프로그래밍 시작하기,2,관심있는 인프런 강의명 프로그래밍
734,구사하는 기술 보유하여,2,구사하는 기술 보유하여
735,구사하는 기술 보유하여 스스로의,2,구사하는 기술 보유하여 스스로의
738,구축 하나 firebase의,2,구축 하나 firebase의
739,구축 하나 firebase의 모든것,2,구축 하나 firebase의 모든것
740,구현하는 블록체인 이더리움,2,구현하는 블록체인 이더리움
752,기반 rest api 개발 스프링 데이터,2,기반 rest api 개발
767,기본적인 머신러닝과 딥러닝 강좌 입니다,2,기본적인 머신러닝과 딥러닝 강좌
768,기술 보유하여 스스로의 웹페이지를,2,기술 보유하여 스스로의 웹페이지를
1,12개 만들면서 배우는 ios,2,12개 만들면서 배우는 ios
1079,스프링 데이터 jpa 스프링 프레임워크 핵심,2,스프링 데이터 jpa 스프링
1081,스프링 데이터 jpa 실전 스프링,2,스프링 데이터 jpa 실전
1083,스프링 데이터 jpa 자바,2,스프링 데이터 jpa 자바
1089,스프링 부트 개념과 활용 스프링 프레임워크,2,스프링 부트 개념과 활용
1097,스프링 부트의 개념과,2,스프링 부트의 개념과
1098,스프링 부트의 개념과 활용,2,스프링 부트의 개념과 활용
1100,스프링 시큐리티 스프링 데이터,2,스프링 시큐리티 스프링 데이터
1106,스프링 프레임워크 renewal,2,스프링 프레임워크 renewal
729,관심있는 인프런 강의명 함수형,2,관심있는 인프런 강의명 함수형
724,관심있는 인프런 강의명 파이썬 알고리즘,2,관심있는 인프런 강의명 파이썬
677,관련 강의를 인프런에서 들으면서,2,관련 강의를 인프런에서 들으면서
722,관심있는 인프런 강의명 자바,2,관심있는 인프런 강의명 자바
679,관심 있는 강의,2,관심 있는 강의
680,관심 있는 강의 딥러닝,2,관심 있는 강의 딥러닝
684,관심강좌 실전 스프링,2,관심강좌 실전 스프링
685,관심강좌 자바 orm,2,관심강좌 자바 orm
686,관심강좌 자바 orm 표준,2,관심강좌 자바 orm 표준
694,관심분야 파이썬 머신러닝,2,관심분야 파이썬 머신러닝
695,관심분야 파이썬 머신러닝 완벽,2,관심분야 파이썬 머신러닝 완벽
698,관심있는 강의 스프링 시큐리티,2,관심있는 강의 스프링 시큐리티
700,관심있는 강의 파이썬 머신러닝,2,관심있는 강의 파이썬 머신러닝
703,관심있는 강의 파이썬 알고리즘,2,관심있는 강의 파이썬 알고리즘
705,관심있는 강의명 백기선님의,2,관심있는 강의명 백기선님의
706,관심있는 강의명 백기선님의 스프링,2,관심있는 강의명 백기선님의 스프링
709,관심있는 인프런 강의는,2,관심있는 인프런 강의는
711,관심있는 인프런 강의명 flutter,2,관심있는 인프런 강의명 flutter
714,관심있는 인프런 강의명 opencv,2,관심있는 인프런 강의명 opencv
717,관심있는 인프런 강의명 vue,2,관심있는 인프런 강의명 vue
720,관심있는 인프런 강의명 리눅스,2,관심있는 인프런 강의명 리눅스
1999,활용한 파이썬 프로그래밍,2,활용한 파이썬 프로그래밍
